id_poliza,id_asegurado,id_vehiculo,ramo,fecha_inicio,fecha_fin,prima,suma_asegurada,deducible,canal_venta,ciudad,estado_poliza,plan_producto
POL-00001,ASEG-00225,VEH-00161,Vehiculos,2025-01-01,2026-01-01,264,12400,200,Agente,Quito,Vigente,Auto Total
POL-00002,ASEG-00173,,Accidentes Personales,2024-01-10,2025-01-09,652,20000,100,Directo Web,Guayaquil,Vigente,Auto Base
POL-00003,ASEG-00023,VEH-00253,Vehiculos,2025-06-26,2026-06-26,2370,48600,250,Banca Seguros,Quito,Vigente,Auto Base
POL-00004,ASEG-00303,VEH-00346,Vehiculos,2023-02-27,2024-02-27,549,12200,750,Agente,Quito,Cancelada,Auto Base
POL-00005,ASEG-00347,VEH-00319,Vehiculos,2024-09-14,2025-09-14,864,55800,750,Banca Seguros,Quito,Vigente,Auto Base
POL-00006,ASEG-00179,,Hogar,2024-03-15,2025-03-15,2644,75000,150,Directo Web,Quito,Vigente,Hogar Protegido
POL-00007,ASEG-00154,VEH-00321,Vehiculos,2023-07-12,2024-07-11,629,22100,750,Broker,Quito,Vencida,Auto Base
POL-00008,ASEG-00178,VEH-00390,Vehiculos,2025-02-04,2026-02-04,1539,53800,500,Sucursal,Manta,Vigente,Auto Total
POL-00009,ASEG-00209,VEH-00250,Vehiculos,2023-01-27,2024-01-27,939,30400,200,Banca Seguros,Quito,Vigente,Hogar Protegido
POL-00010,ASEG-00199,VEH-00368,Vehiculos,2024-06-22,2025-06-22,530,12400,1000,Sucursal,Quito,Vigente,Pyme Segura
POL-00011,ASEG-00349,VEH-00065,Vehiculos,2024-03-22,2025-03-22,1750,46300,250,Banca Seguros,Quito,Vigente,Auto Base
POL-00012,ASEG-00116,VEH-00011,Vehiculos,2025-10-02,2026-10-02,1696,37400,400,Directo Web,Guayaquil,Vigente,Auto Plus
POL-00013,ASEG-00083,VEH-00325,Vehiculos,2023-01-23,2024-01-23,307,13100,400,Directo Web,Cuenca,Vigente,AP Accidentes
POL-00014,ASEG-00095,VEH-00147,Vehiculos,2024-06-05,2025-06-05,211,12100,500,Banca Seguros,Guayaquil,Vigente,Auto Plus
POL-00015,ASEG-00113,VEH-00405,Vehiculos,2024-11-08,2025-11-08,143,9200,200,Banca Seguros,Quito,Vigente,AP Accidentes
POL-00016,ASEG-00347,VEH-00024,Vehiculos,2023-01-12,2024-01-12,2710,50800,1000,Sucursal,Quito,Vigente,Auto Plus
POL-00017,ASEG-00008,,Accidentes Personales,2023-08-27,2024-08-26,307,10000,150,Broker,Quito,Vigente,Auto Total
POL-00018,ASEG-00145,VEH-00348,Vehiculos,2025-07-23,2026-07-23,595,11900,1000,Banca Seguros,Quito,Vigente,Hogar Protegido
POL-00019,ASEG-00096,VEH-00045,Vehiculos,2025-05-17,2026-05-17,779,25300,250,Broker,Quito,Vigente,Auto Plus
POL-00020,ASEG-00005,VEH-00356,Vehiculos,2025-01-27,2026-01-27,399,17800,500,Sucursal,Ambato,Vencida,Pyme Segura
POL-00021,ASEG-00306,VEH-00065,Vehiculos,2025-06-30,2026-06-30,766,16300,200,Broker,Quito,Vigente,Hogar Protegido
POL-00022,ASEG-00004,VEH-00093,Vehiculos,2023-12-11,2024-12-10,772,16500,750,Broker,Guayaquil,Vigente,Hogar Protegido
POL-00023,ASEG-00064,VEH-00268,Vehiculos,2025-09-28,2026-09-28,1689,39800,200,Sucursal,Manta,Vigente,Auto Total
POL-00024,ASEG-00258,VEH-00224,Vehiculos,2025-01-30,2026-01-30,836,22600,500,Directo Web,Guayaquil,Vigente,AP Accidentes
POL-00025,ASEG-00241,VEH-00086,Vehiculos,2023-07-12,2024-07-11,1102,30900,500,Directo Web,Quito,Vencida,AP Accidentes
POL-00026,ASEG-00274,VEH-00392,Vehiculos,2024-03-18,2025-03-18,839,15500,500,Broker,Guayaquil,Vigente,Hogar Protegido
POL-00027,ASEG-00246,VEH-00089,Vehiculos,2024-07-19,2025-07-19,1400,28200,300,Banca Seguros,Quito,Vigente,Pyme Segura
POL-00028,ASEG-00245,VEH-00084,Vehiculos,2023-12-30,2024-12-29,1694,42800,250,Broker,Santo Domingo,Vigente,Auto Plus
POL-00029,ASEG-00031,VEH-00130,Vehiculos,2024-07-24,2025-07-24,1211,29400,300,Banca Seguros,Machala,Vigente,Auto Total
POL-00030,ASEG-00216,VEH-00185,Vehiculos,2024-02-06,2025-02-05,1626,38800,200,Agente,Quito,Vigente,Pyme Segura
POL-00031,ASEG-00107,VEH-00026,Vehiculos,2023-11-02,2024-11-01,475,23500,1000,Sucursal,Quito,Vigente,Auto Plus
POL-00032,ASEG-00053,VEH-00125,Vehiculos,2024-02-02,2025-02-01,485,10700,1000,Sucursal,Quito,Vigente,Auto Total
POL-00033,ASEG-00209,VEH-00130,Vehiculos,2023-01-06,2024-01-06,657,38000,1000,Banca Seguros,Machala,Vigente,AP Accidentes
POL-00034,ASEG-00234,VEH-00236,Vehiculos,2023-07-16,2024-07-15,767,32000,500,Agente,Machala,Vigente,Hogar Protegido
POL-00035,ASEG-00046,VEH-00213,Vehiculos,2023-06-01,2024-05-31,1006,33400,300,Broker,Guayaquil,Vigente,Hogar Protegido
POL-00036,ASEG-00112,,Hogar,2023-03-01,2024-02-29,2434,50000,250,Directo Web,Guayaquil,Vigente,AP Accidentes
POL-00037,ASEG-00201,VEH-00084,Vehiculos,2023-06-16,2024-06-15,1327,57400,1000,Sucursal,Manta,Vigente,Auto Total
POL-00038,ASEG-00188,VEH-00208,Vehiculos,2025-01-24,2026-01-24,1769,32900,1000,Agente,Guayaquil,Vigente,Pyme Segura
POL-00039,ASEG-00202,VEH-00079,Vehiculos,2025-11-14,2026-11-14,1488,50500,400,Banca Seguros,Santo Domingo,Vigente,Auto Base
POL-00040,ASEG-00154,VEH-00336,Vehiculos,2025-06-02,2026-06-02,1157,27300,250,Broker,Quito,Vigente,Hogar Protegido
POL-00041,ASEG-00214,VEH-00177,Vehiculos,2025-02-10,2026-02-10,433,19200,400,Sucursal,Guayaquil,Vigente,Auto Total
POL-00042,ASEG-00046,,Hogar,2024-06-07,2025-06-07,1248,30000,750,Directo Web,Manta,Vencida,Hogar Protegido
POL-00043,ASEG-00165,VEH-00137,Vehiculos,2023-07-27,2024-07-26,1857,37900,500,Agente,Quito,Vigente,AP Accidentes
POL-00044,ASEG-00305,VEH-00352,Vehiculos,2025-04-14,2026-04-14,356,14500,750,Agente,Quito,Vigente,Hogar Protegido
POL-00045,ASEG-00350,VEH-00195,Vehiculos,2024-02-16,2025-02-15,1538,32600,300,Directo Web,Ambato,Vencida,Auto Plus
POL-00046,ASEG-00188,VEH-00342,Vehiculos,2024-04-28,2025-04-28,239,9400,250,Agente,Guayaquil,Vencida,Auto Plus
POL-00047,ASEG-00040,VEH-00041,Vehiculos,2025-01-19,2026-01-19,1843,52700,500,Directo Web,Quito,Vigente,AP Accidentes
POL-00048,ASEG-00200,VEH-00354,Vehiculos,2024-07-04,2025-07-04,1747,37300,300,Directo Web,Loja,Vigente,Pyme Segura
POL-00049,ASEG-00172,VEH-00103,Vehiculos,2024-05-06,2025-05-06,1191,31700,300,Directo Web,Quito,Vigente,Pyme Segura
POL-00050,ASEG-00305,VEH-00398,Vehiculos,2023-05-11,2024-05-10,1834,35800,250,Broker,Quito,Vigente,Auto Base
POL-00051,ASEG-00012,VEH-00275,Vehiculos,2023-01-17,2024-01-17,1867,35900,300,Directo Web,Quito,Vigente,Auto Base
POL-00052,ASEG-00095,VEH-00390,Vehiculos,2023-10-20,2024-10-19,1646,31300,1000,Sucursal,Guayaquil,Vigente,AP Accidentes
POL-00053,ASEG-00094,VEH-00058,Vehiculos,2024-05-05,2025-05-05,288,5800,400,Broker,Guayaquil,Vigente,Pyme Segura
POL-00054,ASEG-00302,VEH-00061,Vehiculos,2025-02-27,2026-02-27,383,14500,1000,Directo Web,Guayaquil,Vigente,Hogar Protegido
POL-00055,ASEG-00101,VEH-00127,Vehiculos,2023-11-19,2024-11-18,644,32800,1000,Directo Web,Quito,Vigente,Auto Total
POL-00056,ASEG-00232,VEH-00291,Vehiculos,2025-07-26,2026-07-26,566,10600,200,Agente,Quito,Vigente,Pyme Segura
POL-00057,ASEG-00063,,Hogar,2024-12-30,2025-12-30,1568,30000,250,Banca Seguros,Quito,Vigente,Hogar Protegido
POL-00058,ASEG-00144,VEH-00163,Vehiculos,2025-01-12,2026-01-12,2049,46000,300,Banca Seguros,Guayaquil,Vencida,Auto Base
POL-00059,ASEG-00137,VEH-00349,Vehiculos,2025-10-17,2026-10-17,470,13500,200,Broker,Loja,Vencida,Pyme Segura
POL-00060,ASEG-00013,VEH-00355,Vehiculos,2024-11-30,2025-11-30,919,44000,1000,Sucursal,Santo Domingo,Vigente,Hogar Protegido
POL-00061,ASEG-00221,VEH-00205,Vehiculos,2025-04-12,2026-04-12,684,20300,250,Agente,Guayaquil,Vigente,Auto Total
POL-00062,ASEG-00323,VEH-00359,Vehiculos,2023-11-09,2024-11-08,597,34100,500,Directo Web,Quito,Vigente,Hogar Protegido
POL-00063,ASEG-00338,VEH-00024,Vehiculos,2023-11-08,2024-11-07,1746,41300,1000,Agente,Quito,Vigente,Auto Base
POL-00064,ASEG-00238,VEH-00340,Vehiculos,2024-02-04,2025-02-03,266,16600,400,Banca Seguros,Quito,Vigente,Auto Total
POL-00065,ASEG-00112,VEH-00391,Vehiculos,2023-06-27,2024-06-26,1524,29700,250,Broker,Guayaquil,Vigente,Auto Base
POL-00066,ASEG-00180,VEH-00364,Vehiculos,2025-03-11,2026-03-11,295,18400,750,Banca Seguros,Machala,Vigente,AP Accidentes
POL-00067,ASEG-00127,VEH-00177,Vehiculos,2025-02-03,2026-02-03,2101,43700,300,Broker,Guayaquil,Vencida,Auto Plus
POL-00068,ASEG-00087,VEH-00078,Vehiculos,2025-06-25,2026-06-25,1006,25400,750,Banca Seguros,Guayaquil,Vigente,Auto Total
POL-00069,ASEG-00148,VEH-00187,Vehiculos,2024-03-30,2025-03-30,1268,52800,300,Sucursal,Ambato,Vigente,Auto Base
POL-00070,ASEG-00018,VEH-00241,Vehiculos,2023-04-11,2024-04-10,541,32200,400,Banca Seguros,Quito,Vigente,Auto Total
POL-00071,ASEG-00259,VEH-00414,Vehiculos,2024-02-14,2025-02-13,392,20700,200,Broker,Quito,Vigente,Auto Base
POL-00072,ASEG-00331,VEH-00284,Vehiculos,2024-01-10,2025-01-09,1916,35800,200,Sucursal,Quito,Vencida,Auto Base
POL-00073,ASEG-00274,VEH-00133,Vehiculos,2025-09-06,2026-09-06,415,12700,300,Broker,Guayaquil,Vigente,Auto Plus
POL-00074,ASEG-00079,,Hogar,2025-11-07,2026-11-07,903,20000,150,Broker,Quito,Vigente,Pyme Segura
POL-00075,ASEG-00290,VEH-00079,Vehiculos,2024-01-13,2025-01-12,986,18500,750,Sucursal,Quito,Vigente,Hogar Protegido
POL-00076,ASEG-00173,VEH-00109,Vehiculos,2023-04-11,2024-04-10,1614,33400,250,Sucursal,Guayaquil,Vencida,Auto Plus
POL-00077,ASEG-00035,VEH-00332,Vehiculos,2023-04-24,2024-04-23,707,16700,400,Agente,Quito,Vencida,Auto Total
POL-00078,ASEG-00249,VEH-00343,Vehiculos,2024-09-16,2025-09-16,1443,35100,200,Agente,Cuenca,Vencida,Auto Total
POL-00079,ASEG-00113,VEH-00397,Vehiculos,2025-04-01,2026-04-01,1739,49200,200,Sucursal,Quito,Vigente,Pyme Segura
POL-00080,ASEG-00243,VEH-00337,Vehiculos,2023-05-10,2024-05-09,615,23600,750,Directo Web,Manta,Vigente,Hogar Protegido
POL-00081,ASEG-00038,VEH-00410,Vehiculos,2023-05-18,2024-05-17,648,20200,200,Agente,Quito,Vigente,Pyme Segura
POL-00082,ASEG-00176,VEH-00169,Vehiculos,2023-02-04,2024-02-04,565,30300,750,Banca Seguros,Quito,Cancelada,Hogar Protegido
POL-00083,ASEG-00165,VEH-00231,Vehiculos,2025-01-02,2026-01-02,755,43400,250,Broker,Machala,Vigente,Auto Plus
POL-00084,ASEG-00223,VEH-00082,Vehiculos,2023-05-26,2024-05-25,2049,49900,1000,Agente,Quito,Vigente,Auto Total
POL-00085,ASEG-00104,VEH-00293,Vehiculos,2025-05-30,2026-05-30,1571,46900,400,Sucursal,Guayaquil,Vigente,Hogar Protegido
POL-00086,ASEG-00268,VEH-00243,Vehiculos,2023-12-04,2024-12-03,1582,31200,400,Banca Seguros,Quito,Cancelada,Auto Plus
POL-00087,ASEG-00068,VEH-00225,Vehiculos,2023-02-27,2024-02-27,1108,25900,300,Banca Seguros,Machala,Vigente,Pyme Segura
POL-00088,ASEG-00279,VEH-00216,Vehiculos,2024-03-01,2025-03-01,1575,41600,750,Directo Web,Guayaquil,Vigente,Hogar Protegido
POL-00089,ASEG-00047,VEH-00323,Vehiculos,2024-11-04,2025-11-04,183,11300,250,Banca Seguros,Guayaquil,Vigente,Auto Plus
POL-00090,ASEG-00120,VEH-00064,Vehiculos,2023-11-21,2024-11-20,179,10100,500,Directo Web,Loja,Vigente,AP Accidentes
POL-00091,ASEG-00140,VEH-00145,Vehiculos,2025-07-23,2026-07-23,1473,43100,300,Agente,Cuenca,Vigente,Hogar Protegido
POL-00092,ASEG-00238,VEH-00203,Vehiculos,2025-06-10,2026-06-10,801,29800,400,Sucursal,Quito,Vencida,Auto Total
POL-00093,ASEG-00215,VEH-00418,Vehiculos,2024-12-12,2025-12-12,1584,29000,750,Directo Web,Guayaquil,Vigente,AP Accidentes
POL-00094,ASEG-00126,VEH-00181,Vehiculos,2024-03-27,2025-03-27,434,26300,250,Directo Web,Quito,Vigente,Hogar Protegido
POL-00095,ASEG-00096,VEH-00238,Vehiculos,2023-08-14,2024-08-13,1111,27100,500,Sucursal,Quito,Vigente,Auto Plus
POL-00096,ASEG-00026,VEH-00356,Vehiculos,2025-08-12,2026-08-12,662,29900,200,Broker,Quito,Vigente,AP Accidentes
POL-00097,ASEG-00212,VEH-00346,Vehiculos,2024-09-05,2025-09-05,604,12300,200,Banca Seguros,Guayaquil,Vigente,Hogar Protegido
POL-00098,ASEG-00292,VEH-00391,Vehiculos,2025-03-16,2026-03-16,738,23400,300,Directo Web,Guayaquil,Cancelada,Auto Base
POL-00099,ASEG-00150,VEH-00382,Vehiculos,2024-06-11,2025-06-11,2800,60000,200,Agente,Guayaquil,Vigente,Hogar Protegido
POL-00100,ASEG-00302,VEH-00126,Vehiculos,2024-05-11,2025-05-11,1393,55000,1000,Directo Web,Quito,Vigente,Auto Base
POL-00101,ASEG-00210,VEH-00136,Vehiculos,2023-12-17,2024-12-16,184,10900,250,Sucursal,Loja,Vigente,Pyme Segura
POL-00102,ASEG-00245,,Hogar,2024-07-06,2025-07-06,426,20000,250,Banca Seguros,Quito,Vigente,Auto Total
POL-00103,ASEG-00089,,Accidentes Personales,2023-03-30,2024-03-29,811,30000,100,Directo Web,Loja,Vigente,Pyme Segura
POL-00104,ASEG-00212,VEH-00190,Vehiculos,2023-09-28,2024-09-27,695,42200,250,Directo Web,Guayaquil,Vigente,AP Accidentes
POL-00105,ASEG-00156,,Hogar,2023-10-31,2024-10-30,3766,100000,250,Broker,Quito,Vencida,Auto Base
POL-00106,ASEG-00055,VEH-00070,Vehiculos,2024-02-22,2025-02-21,1458,43600,1000,Directo Web,Quito,Vigente,Hogar Protegido
POL-00107,ASEG-00201,VEH-00098,Vehiculos,2024-11-21,2025-11-21,1870,38500,750,Banca Seguros,Quito,Vencida,Auto Total
POL-00108,ASEG-00294,VEH-00313,Vehiculos,2023-05-21,2024-05-20,667,22700,750,Directo Web,Cuenca,Vigente,AP Accidentes
POL-00109,ASEG-00199,VEH-00114,Vehiculos,2024-04-01,2025-04-01,793,26600,500,Directo Web,Cuenca,Vencida,Auto Plus
POL-00110,ASEG-00209,,Hogar,2023-10-05,2024-10-04,455,20000,250,Broker,Quito,Vigente,Auto Plus
POL-00111,ASEG-00336,VEH-00056,Vehiculos,2024-04-20,2025-04-20,2152,49400,400,Sucursal,Quito,Vencida,Hogar Protegido
POL-00112,ASEG-00015,VEH-00017,Vehiculos,2024-10-04,2025-10-04,2162,42500,750,Directo Web,Quito,Vigente,Hogar Protegido
POL-00113,ASEG-00026,,Accidentes Personales,2023-07-03,2024-07-02,1517,30000,150,Directo Web,Quito,Vigente,Auto Total
POL-00114,ASEG-00155,VEH-00107,Vehiculos,2023-04-30,2024-04-29,630,17300,250,Directo Web,Guayaquil,Vencida,Auto Plus
POL-00115,ASEG-00083,VEH-00418,Vehiculos,2024-07-28,2025-07-28,821,28800,400,Directo Web,Cuenca,Vigente,Auto Plus
POL-00116,ASEG-00102,VEH-00103,Vehiculos,2023-11-10,2024-11-09,1003,41200,1000,Broker,Guayaquil,Vigente,Hogar Protegido
POL-00117,ASEG-00056,VEH-00111,Vehiculos,2023-01-21,2024-01-21,466,19600,200,Sucursal,Guayaquil,Vigente,Pyme Segura
POL-00118,ASEG-00063,,Accidentes Personales,2025-07-23,2026-07-23,650,20000,0,Sucursal,Quito,Vigente,Auto Base
POL-00119,ASEG-00162,,Accidentes Personales,2023-04-27,2024-04-26,610,15000,100,Agente,Quito,Vencida,Auto Plus
POL-00120,ASEG-00119,VEH-00377,Vehiculos,2024-06-13,2025-06-13,541,22200,250,Broker,Guayaquil,Vigente,Hogar Protegido
POL-00121,ASEG-00152,VEH-00235,Vehiculos,2023-02-03,2024-02-03,743,17000,400,Broker,Cuenca,Vigente,Auto Base
POL-00122,ASEG-00030,VEH-00225,Vehiculos,2025-04-27,2026-04-27,895,17800,750,Agente,Guayaquil,Vencida,AP Accidentes
POL-00123,ASEG-00329,VEH-00326,Vehiculos,2024-10-19,2025-10-19,528,27500,400,Banca Seguros,Ambato,Vencida,Auto Plus
POL-00124,ASEG-00136,VEH-00026,Vehiculos,2024-04-10,2025-04-10,2176,42000,1000,Sucursal,Guayaquil,Vigente,Auto Base
POL-00125,ASEG-00259,VEH-00033,Vehiculos,2024-10-10,2025-10-10,2279,48400,200,Directo Web,Quito,Vigente,Hogar Protegido
POL-00126,ASEG-00145,VEH-00365,Vehiculos,2025-11-04,2026-11-04,626,30000,750,Broker,Quito,Vigente,AP Accidentes
POL-00127,ASEG-00294,,Hogar,2024-01-17,2025-01-16,367,20000,250,Agente,Guayaquil,Vigente,Hogar Protegido
POL-00128,ASEG-00022,VEH-00121,Vehiculos,2025-05-01,2026-05-01,1436,36300,750,Agente,Guayaquil,Vigente,Auto Total
POL-00129,ASEG-00249,VEH-00150,Vehiculos,2024-04-06,2025-04-06,1326,45600,250,Banca Seguros,Cuenca,Vigente,Pyme Segura
POL-00130,ASEG-00182,VEH-00092,Vehiculos,2023-08-13,2024-08-12,812,37100,200,Sucursal,Manta,Vencida,Pyme Segura
POL-00131,ASEG-00131,VEH-00128,Vehiculos,2025-07-19,2026-07-19,233,14700,250,Broker,Guayaquil,Vigente,AP Accidentes
POL-00132,ASEG-00091,VEH-00193,Vehiculos,2024-06-17,2025-06-17,1030,34000,750,Broker,Santo Domingo,Vigente,Auto Total
POL-00133,ASEG-00277,VEH-00419,Vehiculos,2024-08-16,2025-08-16,912,27900,300,Agente,Quito,Vigente,Hogar Protegido
POL-00134,ASEG-00256,VEH-00261,Vehiculos,2024-11-08,2025-11-08,241,7200,300,Agente,Quito,Vencida,Hogar Protegido
POL-00135,ASEG-00350,VEH-00194,Vehiculos,2024-12-16,2025-12-16,470,10300,500,Sucursal,Guayaquil,Vigente,Hogar Protegido
POL-00136,ASEG-00094,VEH-00204,Vehiculos,2024-03-04,2025-03-04,839,18800,500,Directo Web,Guayaquil,Vigente,AP Accidentes
POL-00137,ASEG-00243,VEH-00164,Vehiculos,2023-11-24,2024-11-23,420,19900,500,Sucursal,Manta,Vigente,Auto Total
POL-00138,ASEG-00073,VEH-00415,Vehiculos,2023-02-26,2024-02-26,1050,27700,300,Broker,Cuenca,Vigente,Auto Total
POL-00139,ASEG-00037,,Hogar,2025-04-20,2026-04-20,631,30000,150,Banca Seguros,Santo Domingo,Vigente,AP Accidentes
POL-00140,ASEG-00126,VEH-00238,Vehiculos,2023-11-12,2024-11-11,599,27400,400,Directo Web,Guayaquil,Vigente,Auto Plus
POL-00141,ASEG-00022,VEH-00221,Vehiculos,2024-11-17,2025-11-17,2092,52400,300,Banca Seguros,Guayaquil,Vigente,Auto Plus
POL-00142,ASEG-00105,VEH-00371,Vehiculos,2023-03-24,2024-03-23,440,11600,300,Broker,Quito,Vigente,Auto Plus
POL-00143,ASEG-00033,VEH-00420,Vehiculos,2023-12-29,2024-12-28,1096,20700,200,Agente,Quito,Vigente,Auto Base
POL-00144,ASEG-00262,,Accidentes Personales,2023-08-19,2024-08-18,995,20000,50,Banca Seguros,Manta,Vigente,AP Accidentes
POL-00145,ASEG-00153,VEH-00005,Vehiculos,2023-08-13,2024-08-12,863,33900,300,Sucursal,Quito,Vigente,Auto Base
POL-00146,ASEG-00069,VEH-00345,Vehiculos,2025-03-06,2026-03-06,1026,19700,500,Sucursal,Ambato,Vigente,Hogar Protegido
POL-00147,ASEG-00246,VEH-00126,Vehiculos,2024-11-01,2025-11-01,3171,59400,750,Directo Web,Quito,Vencida,AP Accidentes
POL-00148,ASEG-00160,VEH-00397,Vehiculos,2025-06-10,2026-06-10,1254,52900,250,Agente,Quito,Vigente,Pyme Segura
POL-00149,ASEG-00224,VEH-00415,Vehiculos,2023-06-03,2024-06-02,196,12500,250,Agente,Guayaquil,Vigente,Hogar Protegido
POL-00150,ASEG-00130,VEH-00273,Vehiculos,2023-08-19,2024-08-18,585,17000,750,Banca Seguros,Guayaquil,Vigente,Pyme Segura
POL-00151,ASEG-00058,VEH-00047,Vehiculos,2025-07-03,2026-07-03,890,19600,1000,Banca Seguros,Machala,Cancelada,Auto Base
POL-00152,ASEG-00295,VEH-00354,Vehiculos,2023-11-26,2024-11-25,875,38100,750,Agente,Santo Domingo,Vigente,AP Accidentes
POL-00153,ASEG-00217,VEH-00210,Vehiculos,2023-12-11,2024-12-10,964,55100,200,Broker,Guayaquil,Vigente,Hogar Protegido
POL-00154,ASEG-00173,VEH-00100,Vehiculos,2024-01-22,2025-01-21,342,12300,200,Broker,Guayaquil,Vigente,Hogar Protegido
POL-00155,ASEG-00121,VEH-00282,Vehiculos,2024-12-28,2025-12-28,979,45600,750,Banca Seguros,Quito,Vigente,Hogar Protegido
POL-00156,ASEG-00314,VEH-00032,Vehiculos,2025-03-26,2026-03-26,1433,44400,750,Sucursal,Quito,Vencida,Auto Plus
POL-00157,ASEG-00091,,Generales,2024-02-28,2025-02-27,4658,100000,500,Broker,Ambato,Vencida,AP Accidentes
POL-00158,ASEG-00043,VEH-00259,Vehiculos,2023-08-22,2024-08-21,1844,35800,500,Sucursal,Machala,Vigente,AP Accidentes
POL-00159,ASEG-00054,VEH-00127,Vehiculos,2024-09-16,2025-09-16,789,52500,200,Broker,Cuenca,Vigente,Auto Plus
POL-00160,ASEG-00103,VEH-00116,Vehiculos,2023-11-09,2024-11-08,527,14400,750,Broker,Quito,Vigente,Auto Plus
POL-00161,ASEG-00237,VEH-00378,Vehiculos,2023-05-10,2024-05-09,1235,44100,400,Agente,Quito,Vigente,AP Accidentes
POL-00162,ASEG-00253,VEH-00198,Vehiculos,2023-03-30,2024-03-29,1245,31000,1000,Banca Seguros,Guayaquil,Vigente,Pyme Segura
POL-00163,ASEG-00276,VEH-00268,Vehiculos,2024-06-29,2025-06-29,340,18900,1000,Banca Seguros,Cuenca,Vigente,AP Accidentes
POL-00164,ASEG-00060,,Accidentes Personales,2023-08-15,2024-08-14,763,20000,150,Broker,Cuenca,Vigente,Auto Base
POL-00165,ASEG-00180,VEH-00339,Vehiculos,2023-02-04,2024-02-04,2466,55700,1000,Sucursal,Guayaquil,Vigente,AP Accidentes
POL-00166,ASEG-00274,VEH-00197,Vehiculos,2024-12-25,2025-12-25,778,41500,1000,Broker,Guayaquil,Vigente,Hogar Protegido
POL-00167,ASEG-00304,,Accidentes Personales,2023-11-29,2024-11-28,478,20000,100,Sucursal,Quito,Vigente,Auto Total
POL-00168,ASEG-00228,VEH-00378,Vehiculos,2023-10-07,2024-10-06,1855,47200,1000,Sucursal,Guayaquil,Vigente,Hogar Protegido
POL-00169,ASEG-00211,VEH-00217,Vehiculos,2024-09-15,2025-09-15,208,6400,1000,Sucursal,Guayaquil,Vigente,Auto Total
POL-00170,ASEG-00284,VEH-00401,Vehiculos,2024-09-20,2025-09-20,1662,47600,750,Banca Seguros,Guayaquil,Vencida,Auto Base
POL-00171,ASEG-00208,VEH-00142,Vehiculos,2025-11-08,2026-11-08,597,15200,1000,Directo Web,Quito,Vigente,AP Accidentes
POL-00172,ASEG-00125,VEH-00148,Vehiculos,2024-12-04,2025-12-04,757,17100,400,Banca Seguros,Guayaquil,Vigente,AP Accidentes
POL-00173,ASEG-00150,VEH-00398,Vehiculos,2023-02-27,2024-02-27,721,26100,300,Broker,Quito,Vigente,Hogar Protegido
POL-00174,ASEG-00202,VEH-00006,Vehiculos,2023-12-17,2024-12-16,722,14300,1000,Sucursal,Santo Domingo,Vigente,AP Accidentes
POL-00175,ASEG-00021,VEH-00204,Vehiculos,2023-05-06,2024-05-05,404,11000,1000,Directo Web,Guayaquil,Vigente,Auto Total
POL-00176,ASEG-00114,VEH-00001,Vehiculos,2024-01-25,2025-01-24,823,49500,1000,Banca Seguros,Quito,Vigente,Hogar Protegido
POL-00177,ASEG-00305,VEH-00378,Vehiculos,2023-08-06,2024-08-05,1442,45600,300,Agente,Quito,Vigente,AP Accidentes
POL-00178,ASEG-00190,VEH-00007,Vehiculos,2024-03-11,2025-03-11,385,13400,750,Sucursal,Quito,Vigente,Hogar Protegido
POL-00179,ASEG-00183,VEH-00331,Vehiculos,2025-01-02,2026-01-02,628,33300,300,Banca Seguros,Cuenca,Vigente,AP Accidentes
POL-00180,ASEG-00278,VEH-00341,Vehiculos,2024-08-25,2025-08-25,853,22600,400,Sucursal,Santo Domingo,Vencida,Auto Total
POL-00181,ASEG-00335,VEH-00061,Vehiculos,2023-11-28,2024-11-27,1338,28400,750,Broker,Guayaquil,Vigente,Pyme Segura
POL-00182,ASEG-00063,VEH-00025,Vehiculos,2024-08-28,2025-08-28,538,26600,300,Agente,Quito,Vigente,Auto Base
POL-00183,ASEG-00341,,Hogar,2025-03-31,2026-03-31,1351,50000,250,Broker,Cuenca,Vencida,Auto Plus
POL-00184,ASEG-00060,,Accidentes Personales,2025-06-12,2026-06-12,828,30000,50,Broker,Cuenca,Vigente,Auto Plus
POL-00185,ASEG-00064,VEH-00312,Vehiculos,2024-04-28,2025-04-28,891,21800,750,Agente,Manta,Vigente,Auto Base
POL-00186,ASEG-00246,VEH-00200,Vehiculos,2024-08-13,2025-08-13,1331,47500,1000,Banca Seguros,Quito,Vigente,Auto Plus
POL-00187,ASEG-00050,VEH-00419,Vehiculos,2024-04-06,2025-04-06,998,28900,200,Broker,Quito,Vigente,Pyme Segura
POL-00188,ASEG-00179,VEH-00112,Vehiculos,2023-04-26,2024-04-25,222,8900,750,Broker,Quito,Vencida,Auto Total
POL-00189,ASEG-00242,,Hogar,2023-10-21,2024-10-20,1596,75000,750,Banca Seguros,Quito,Vigente,Pyme Segura
POL-00190,ASEG-00127,VEH-00317,Vehiculos,2024-10-19,2025-10-19,916,32900,750,Broker,Cuenca,Vigente,Auto Base
POL-00191,ASEG-00088,VEH-00349,Vehiculos,2023-10-14,2024-10-13,1438,52300,1000,Banca Seguros,Quito,Vigente,Auto Base
POL-00192,ASEG-00315,VEH-00044,Vehiculos,2023-04-23,2024-04-22,824,22800,200,Directo Web,Guayaquil,Vigente,Auto Total
POL-00193,ASEG-00133,VEH-00230,Vehiculos,2024-07-05,2025-07-05,1203,26400,250,Directo Web,Quito,Vigente,Auto Base
POL-00194,ASEG-00225,VEH-00271,Vehiculos,2024-08-28,2025-08-28,801,17200,1000,Directo Web,Quito,Vigente,Pyme Segura
POL-00195,ASEG-00293,VEH-00236,Vehiculos,2024-08-15,2025-08-15,521,31700,250,Banca Seguros,Quito,Vigente,Auto Plus
POL-00196,ASEG-00100,VEH-00064,Vehiculos,2025-05-12,2026-05-12,409,8800,1000,Broker,Santo Domingo,Vencida,Hogar Protegido
POL-00197,ASEG-00308,VEH-00094,Vehiculos,2023-03-18,2024-03-17,1078,30600,400,Banca Seguros,Guayaquil,Vigente,Auto Plus
POL-00198,ASEG-00246,VEH-00279,Vehiculos,2023-01-20,2024-01-20,888,23900,1000,Agente,Quito,Vigente,Auto Total
POL-00199,ASEG-00228,VEH-00355,Vehiculos,2024-10-31,2025-10-31,2087,40100,250,Sucursal,Santo Domingo,Vencida,Hogar Protegido
POL-00200,ASEG-00026,VEH-00052,Vehiculos,2023-08-08,2024-08-07,1005,23700,400,Directo Web,Quito,Vencida,AP Accidentes
POL-00201,ASEG-00045,VEH-00377,Vehiculos,2025-02-14,2026-02-14,539,11400,500,Agente,Manta,Cancelada,Auto Plus
POL-00202,ASEG-00108,VEH-00417,Vehiculos,2024-06-10,2025-06-10,1430,30600,750,Directo Web,Santo Domingo,Vigente,Hogar Protegido
POL-00203,ASEG-00295,VEH-00300,Vehiculos,2023-03-17,2024-03-16,624,17200,200,Sucursal,Guayaquil,Vigente,Auto Total
POL-00204,ASEG-00273,VEH-00120,Vehiculos,2024-11-28,2025-11-28,656,15200,200,Sucursal,Loja,Vigente,Auto Base
POL-00205,ASEG-00148,VEH-00088,Vehiculos,2025-03-09,2026-03-09,971,18500,750,Directo Web,Quito,Vigente,Pyme Segura
POL-00206,ASEG-00315,VEH-00371,Vehiculos,2025-01-29,2026-01-29,1190,31800,250,Sucursal,Quito,Vigente,Pyme Segura
POL-00207,ASEG-00293,VEH-00179,Vehiculos,2023-09-16,2024-09-15,598,30800,750,Broker,Quito,Vigente,AP Accidentes
POL-00208,ASEG-00299,VEH-00237,Vehiculos,2023-06-01,2024-05-31,383,10600,300,Banca Seguros,Guayaquil,Vencida,AP Accidentes
POL-00209,ASEG-00042,VEH-00237,Vehiculos,2024-11-03,2025-11-03,1117,30900,500,Directo Web,Cuenca,Vencida,Auto Total
POL-00210,ASEG-00137,,Hogar,2025-05-21,2026-05-21,2694,75000,250,Banca Seguros,Loja,Vigente,Auto Plus
POL-00211,ASEG-00112,VEH-00327,Vehiculos,2025-10-26,2026-10-26,744,23000,1000,Agente,Guayaquil,Vigente,Hogar Protegido
POL-00212,ASEG-00252,VEH-00276,Vehiculos,2024-11-20,2025-11-20,2100,41600,200,Banca Seguros,Guayaquil,Vigente,Pyme Segura
POL-00213,ASEG-00294,VEH-00323,Vehiculos,2023-08-04,2024-08-03,548,14400,400,Broker,Cuenca,Vigente,AP Accidentes
POL-00214,ASEG-00217,VEH-00300,Vehiculos,2025-02-04,2026-02-04,765,15900,750,Banca Seguros,Guayaquil,Vigente,Auto Total
POL-00215,ASEG-00238,VEH-00384,Vehiculos,2024-10-14,2025-10-14,524,12500,250,Agente,Quito,Vigente,Auto Plus
POL-00216,ASEG-00300,VEH-00041,Vehiculos,2023-09-15,2024-09-14,1280,46900,400,Directo Web,Quito,Vigente,Auto Plus
POL-00217,ASEG-00219,VEH-00022,Vehiculos,2024-11-02,2025-11-02,698,36700,1000,Agente,Ambato,Vigente,Auto Base
POL-00218,ASEG-00032,VEH-00070,Vehiculos,2025-08-02,2026-08-02,329,18500,400,Banca Seguros,Quito,Vigente,AP Accidentes
POL-00219,ASEG-00206,,Accidentes Personales,2023-06-11,2024-06-10,530,15000,100,Banca Seguros,Santo Domingo,Vigente,Auto Base
POL-00220,ASEG-00124,VEH-00409,Vehiculos,2023-01-15,2024-01-15,1736,47200,300,Sucursal,Machala,Vigente,Pyme Segura
POL-00221,ASEG-00150,VEH-00231,Vehiculos,2023-06-26,2024-06-25,1809,36600,300,Broker,Machala,Vigente,Hogar Protegido
POL-00222,ASEG-00096,VEH-00183,Vehiculos,2023-08-25,2024-08-24,468,17600,400,Banca Seguros,Quito,Vigente,Auto Plus
POL-00223,ASEG-00261,VEH-00123,Vehiculos,2024-01-08,2025-01-07,1156,23500,200,Sucursal,Guayaquil,Cancelada,Pyme Segura
POL-00224,ASEG-00194,VEH-00210,Vehiculos,2024-05-25,2025-05-25,1061,29600,250,Directo Web,Guayaquil,Vigente,Pyme Segura
POL-00225,ASEG-00350,VEH-00212,Vehiculos,2023-08-03,2024-08-02,1573,47000,750,Broker,Cuenca,Vigente,Pyme Segura
POL-00226,ASEG-00154,VEH-00210,Vehiculos,2023-03-29,2024-03-28,569,34500,200,Banca Seguros,Quito,Vigente,AP Accidentes
POL-00227,ASEG-00110,VEH-00005,Vehiculos,2025-09-23,2026-09-23,912,28600,250,Banca Seguros,Guayaquil,Vencida,Auto Base
POL-00228,ASEG-00325,VEH-00133,Vehiculos,2025-07-17,2026-07-17,447,9900,500,Directo Web,Santo Domingo,Vencida,Auto Total
POL-00229,ASEG-00295,VEH-00211,Vehiculos,2023-04-02,2024-04-01,889,28600,400,Banca Seguros,Guayaquil,Vigente,Pyme Segura
POL-00230,ASEG-00002,VEH-00292,Vehiculos,2025-11-01,2026-11-01,2200,44600,1000,Banca Seguros,Guayaquil,Vigente,Auto Base
POL-00231,ASEG-00164,,Hogar,2023-08-18,2024-08-17,1095,30000,500,Broker,Guayaquil,Vencida,Auto Total
POL-00232,ASEG-00233,,Accidentes Personales,2023-02-13,2024-02-13,1396,30000,0,Directo Web,Guayaquil,Vigente,Auto Total
POL-00233,ASEG-00104,,Hogar,2025-10-28,2026-10-28,3529,100000,150,Sucursal,Guayaquil,Vigente,Pyme Segura
POL-00234,ASEG-00184,VEH-00263,Vehiculos,2024-04-24,2025-04-24,535,20300,400,Agente,Quito,Vencida,Auto Total
POL-00235,ASEG-00120,VEH-00368,Vehiculos,2023-01-26,2024-01-26,2323,44100,200,Banca Seguros,Quito,Vencida,AP Accidentes
POL-00236,ASEG-00012,VEH-00096,Vehiculos,2025-03-21,2026-03-21,268,10500,300,Agente,Quito,Vencida,Auto Total
POL-00237,ASEG-00336,,Accidentes Personales,2024-04-21,2025-04-21,439,10000,0,Sucursal,Quito,Vigente,Auto Base
POL-00238,ASEG-00144,VEH-00034,Vehiculos,2025-10-10,2026-10-10,2316,47700,500,Banca Seguros,Guayaquil,Vigente,Auto Base
POL-00239,ASEG-00191,VEH-00400,Vehiculos,2023-06-04,2024-06-03,247,7200,500,Agente,Santo Domingo,Vencida,Auto Plus
POL-00240,ASEG-00074,VEH-00385,Vehiculos,2025-08-11,2026-08-11,442,10000,500,Broker,Quito,Vigente,Auto Base
POL-00241,ASEG-00295,VEH-00209,Vehiculos,2023-12-30,2024-12-29,787,14400,200,Broker,Loja,Vigente,Auto Total
POL-00242,ASEG-00136,VEH-00356,Vehiculos,2024-03-14,2025-03-14,224,11800,400,Banca Seguros,Guayaquil,Vigente,Auto Plus
POL-00243,ASEG-00157,VEH-00196,Vehiculos,2023-07-23,2024-07-22,472,20000,400,Broker,Ambato,Vigente,AP Accidentes
POL-00244,ASEG-00335,VEH-00087,Vehiculos,2023-11-07,2024-11-06,743,45700,200,Broker,Guayaquil,Vigente,AP Accidentes
POL-00245,ASEG-00070,VEH-00036,Vehiculos,2024-02-07,2025-02-06,1077,28100,500,Sucursal,Quito,Vigente,Auto Base
POL-00246,ASEG-00016,VEH-00031,Vehiculos,2024-05-13,2025-05-13,1053,19800,300,Agente,Quito,Vigente,AP Accidentes
POL-00247,ASEG-00111,VEH-00316,Vehiculos,2024-01-24,2025-01-23,783,47800,1000,Broker,Quito,Vigente,Auto Plus
POL-00248,ASEG-00277,VEH-00417,Vehiculos,2023-03-26,2024-03-25,1718,50700,500,Sucursal,Guayaquil,Vigente,Auto Plus
POL-00249,ASEG-00062,VEH-00013,Vehiculos,2024-06-03,2025-06-03,1509,29100,1000,Sucursal,Quito,Vencida,AP Accidentes
POL-00250,ASEG-00057,VEH-00292,Vehiculos,2023-05-21,2024-05-20,620,40700,1000,Broker,Guayaquil,Vigente,Auto Plus
POL-00251,ASEG-00116,VEH-00389,Vehiculos,2023-09-27,2024-09-26,444,21400,300,Agente,Machala,Vigente,Auto Plus
POL-00252,ASEG-00110,VEH-00301,Vehiculos,2023-06-18,2024-06-17,793,15400,750,Agente,Guayaquil,Vigente,Auto Base
POL-00253,ASEG-00229,VEH-00409,Vehiculos,2024-01-05,2025-01-04,518,32600,500,Sucursal,Quito,Vigente,Auto Base
POL-00254,ASEG-00162,VEH-00049,Vehiculos,2023-09-25,2024-09-24,477,26300,400,Directo Web,Quito,Vigente,Auto Total
POL-00255,ASEG-00347,VEH-00069,Vehiculos,2024-12-07,2025-12-07,1473,38400,300,Sucursal,Quito,Vigente,Auto Total
POL-00256,ASEG-00055,VEH-00295,Vehiculos,2024-10-16,2025-10-16,1100,21200,500,Sucursal,Quito,Vigente,AP Accidentes
POL-00257,ASEG-00147,VEH-00376,Vehiculos,2025-04-27,2026-04-27,715,19200,400,Banca Seguros,Santo Domingo,Vigente,Auto Plus
POL-00258,ASEG-00110,VEH-00238,Vehiculos,2023-05-01,2024-04-30,230,6400,500,Directo Web,Guayaquil,Vigente,Pyme Segura
POL-00259,ASEG-00119,VEH-00225,Vehiculos,2023-07-01,2024-06-30,1140,30100,200,Banca Seguros,Guayaquil,Vencida,Auto Plus
POL-00260,ASEG-00044,VEH-00224,Vehiculos,2023-04-14,2024-04-13,1147,25800,500,Broker,Guayaquil,Vigente,Pyme Segura
POL-00261,ASEG-00321,VEH-00066,Vehiculos,2024-10-29,2025-10-29,717,19600,300,Directo Web,Quito,Vigente,Auto Total
POL-00262,ASEG-00259,VEH-00081,Vehiculos,2025-04-20,2026-04-20,945,29300,300,Agente,Quito,Vigente,Auto Plus
POL-00263,ASEG-00103,VEH-00381,Vehiculos,2023-10-31,2024-10-30,444,8700,300,Broker,Quito,Vigente,Auto Total
POL-00264,ASEG-00032,VEH-00011,Vehiculos,2025-02-10,2026-02-10,672,25200,1000,Sucursal,Guayaquil,Vigente,Hogar Protegido
POL-00265,ASEG-00057,VEH-00314,Vehiculos,2023-07-04,2024-07-03,199,10100,300,Agente,Loja,Vigente,Auto Total
POL-00266,ASEG-00197,VEH-00291,Vehiculos,2023-11-08,2024-11-07,458,10800,250,Sucursal,Guayaquil,Vigente,Hogar Protegido
POL-00267,ASEG-00345,,Hogar,2025-07-30,2026-07-30,3052,100000,150,Directo Web,Guayaquil,Vigente,Auto Total
POL-00268,ASEG-00281,VEH-00218,Vehiculos,2024-06-12,2025-06-12,280,16900,250,Banca Seguros,Quito,Vencida,Hogar Protegido
POL-00269,ASEG-00264,VEH-00142,Vehiculos,2024-05-25,2025-05-25,1260,24900,200,Broker,Manta,Vencida,Auto Total
POL-00270,ASEG-00050,,Accidentes Personales,2024-10-13,2025-10-13,427,10000,100,Broker,Quito,Vigente,Auto Base
POL-00271,ASEG-00077,VEH-00010,Vehiculos,2024-06-16,2025-06-16,1950,46900,1000,Broker,Guayaquil,Vigente,Auto Plus
POL-00272,ASEG-00143,VEH-00212,Vehiculos,2025-07-03,2026-07-03,1550,29400,400,Directo Web,Machala,Vigente,Pyme Segura
POL-00273,ASEG-00140,VEH-00208,Vehiculos,2023-10-31,2024-10-30,925,49200,200,Directo Web,Loja,Vencida,Pyme Segura
POL-00274,ASEG-00009,VEH-00415,Vehiculos,2023-07-07,2024-07-06,609,28900,500,Broker,Manta,Vigente,Hogar Protegido
POL-00275,ASEG-00148,VEH-00001,Vehiculos,2025-03-11,2026-03-11,684,18900,200,Agente,Ambato,Vigente,Pyme Segura
POL-00276,ASEG-00167,VEH-00070,Vehiculos,2025-01-04,2026-01-04,1227,39000,250,Broker,Loja,Vigente,AP Accidentes
POL-00277,ASEG-00009,VEH-00005,Vehiculos,2023-11-23,2024-11-22,2084,38100,200,Broker,Manta,Vigente,Auto Base
POL-00278,ASEG-00055,VEH-00282,Vehiculos,2025-05-07,2026-05-07,344,15600,750,Directo Web,Quito,Vigente,Auto Total
POL-00279,ASEG-00147,,Accidentes Personales,2025-03-25,2026-03-25,174,10000,0,Broker,Machala,Vigente,AP Accidentes
POL-00280,ASEG-00210,VEH-00013,Vehiculos,2023-09-19,2024-09-18,1557,43400,250,Agente,Loja,Vigente,Pyme Segura
POL-00281,ASEG-00090,,Generales,2023-09-18,2024-09-17,2903,100000,100,Directo Web,Santo Domingo,Vencida,Pyme Segura
POL-00282,ASEG-00192,VEH-00006,Vehiculos,2025-05-29,2026-05-29,823,29400,1000,Directo Web,Cuenca,Vigente,Pyme Segura
POL-00283,ASEG-00024,VEH-00157,Vehiculos,2023-10-23,2024-10-22,1613,29600,400,Directo Web,Quito,Vigente,Auto Total
POL-00284,ASEG-00055,VEH-00319,Vehiculos,2024-04-29,2025-04-29,388,11100,300,Broker,Guayaquil,Cancelada,Auto Base
POL-00285,ASEG-00252,VEH-00077,Vehiculos,2024-12-17,2025-12-17,694,37900,400,Banca Seguros,Quito,Vigente,Auto Base
POL-00286,ASEG-00052,VEH-00384,Vehiculos,2025-07-28,2026-07-28,867,28200,250,Banca Seguros,Guayaquil,Vigente,AP Accidentes
POL-00287,ASEG-00199,,Hogar,2025-03-30,2026-03-30,781,30000,250,Banca Seguros,Quito,Vencida,AP Accidentes
POL-00288,ASEG-00280,VEH-00227,Vehiculos,2024-07-06,2025-07-06,1425,53300,500,Agente,Loja,Vigente,Hogar Protegido
POL-00289,ASEG-00031,VEH-00328,Vehiculos,2023-01-31,2024-01-31,647,12000,400,Banca Seguros,Quito,Vigente,Hogar Protegido
POL-00290,ASEG-00248,,Generales,2023-09-15,2024-09-14,1239,25000,250,Directo Web,Guayaquil,Vigente,Pyme Segura
POL-00291,ASEG-00215,VEH-00379,Vehiculos,2023-11-09,2024-11-08,315,17100,250,Sucursal,Cuenca,Vencida,Hogar Protegido
POL-00292,ASEG-00183,VEH-00084,Vehiculos,2023-12-19,2024-12-18,484,11700,400,Directo Web,Cuenca,Vigente,Auto Total
POL-00293,ASEG-00064,VEH-00052,Vehiculos,2025-10-06,2026-10-06,1548,42000,250,Broker,Manta,Vigente,Auto Total
POL-00294,ASEG-00343,VEH-00220,Vehiculos,2024-04-06,2025-04-06,457,11900,750,Banca Seguros,Guayaquil,Vencida,Pyme Segura
POL-00295,ASEG-00034,VEH-00271,Vehiculos,2025-05-09,2026-05-09,2298,42000,200,Agente,Cuenca,Vigente,Auto Total
POL-00296,ASEG-00052,VEH-00023,Vehiculos,2023-11-26,2024-11-25,783,34300,300,Agente,Guayaquil,Vencida,Auto Plus
POL-00297,ASEG-00127,VEH-00016,Vehiculos,2025-04-02,2026-04-02,272,6900,300,Sucursal,Guayaquil,Vigente,Auto Plus
POL-00298,ASEG-00255,VEH-00073,Vehiculos,2025-10-31,2026-10-31,1471,27000,200,Agente,Ambato,Cancelada,Auto Plus
POL-00299,ASEG-00054,VEH-00305,Vehiculos,2023-04-12,2024-04-11,638,13500,200,Agente,Cuenca,Vigente,AP Accidentes
POL-00300,ASEG-00060,VEH-00124,Vehiculos,2025-10-13,2026-10-13,1705,44200,200,Banca Seguros,Cuenca,Vigente,Pyme Segura
POL-00301,ASEG-00054,VEH-00323,Vehiculos,2023-11-15,2024-11-14,914,21600,300,Agente,Cuenca,Vigente,Auto Base
POL-00302,ASEG-00051,VEH-00298,Vehiculos,2025-08-13,2026-08-13,1923,38700,300,Agente,Guayaquil,Vigente,AP Accidentes
POL-00303,ASEG-00175,VEH-00115,Vehiculos,2023-12-06,2024-12-05,672,42300,200,Banca Seguros,Guayaquil,Vigente,AP Accidentes
POL-00304,ASEG-00268,VEH-00382,Vehiculos,2023-10-09,2024-10-08,2321,59600,400,Broker,Quito,Vigente,AP Accidentes
POL-00305,ASEG-00055,VEH-00219,Vehiculos,2025-11-14,2026-11-14,384,9700,1000,Broker,Cuenca,Vigente,Auto Plus
POL-00306,ASEG-00347,,Accidentes Personales,2025-02-25,2026-02-25,692,20000,150,Broker,Quito,Vigente,Auto Plus
POL-00307,ASEG-00021,,Accidentes Personales,2023-08-06,2024-08-05,469,10000,50,Banca Seguros,Guayaquil,Vigente,Auto Base
POL-00308,ASEG-00239,VEH-00257,Vehiculos,2023-12-14,2024-12-13,1027,24600,300,Broker,Cuenca,Vigente,AP Accidentes
POL-00309,ASEG-00096,,Generales,2023-09-06,2024-09-05,1652,100000,500,Banca Seguros,Ambato,Vigente,AP Accidentes
POL-00310,ASEG-00283,VEH-00181,Vehiculos,2024-06-15,2025-06-15,792,23400,750,Sucursal,Guayaquil,Vigente,Auto Base
POL-00311,ASEG-00034,VEH-00224,Vehiculos,2023-08-31,2024-08-30,920,18800,500,Directo Web,Guayaquil,Vigente,Auto Plus
POL-00312,ASEG-00046,VEH-00165,Vehiculos,2023-08-25,2024-08-24,1342,28000,300,Agente,Guayaquil,Vigente,Auto Total
POL-00313,ASEG-00112,VEH-00102,Vehiculos,2024-06-12,2025-06-12,1022,38900,250,Agente,Guayaquil,Vigente,Auto Plus
POL-00314,ASEG-00296,VEH-00071,Vehiculos,2024-08-22,2025-08-22,716,30100,200,Agente,Ambato,Vigente,Hogar Protegido
POL-00315,ASEG-00039,VEH-00417,Vehiculos,2024-04-13,2025-04-13,239,12600,250,Sucursal,Quito,Vigente,Auto Base
POL-00316,ASEG-00282,VEH-00199,Vehiculos,2025-04-07,2026-04-07,654,26400,1000,Banca Seguros,Santo Domingo,Vencida,Auto Plus
POL-00317,ASEG-00159,VEH-00282,Vehiculos,2023-01-07,2024-01-07,1505,31500,200,Directo Web,Santo Domingo,Vencida,AP Accidentes
POL-00318,ASEG-00133,,Generales,2025-10-01,2026-10-01,2780,100000,100,Directo Web,Quito,Vigente,Auto Total
POL-00319,ASEG-00071,VEH-00280,Vehiculos,2025-07-08,2026-07-08,1863,39400,300,Banca Seguros,Loja,Vigente,Hogar Protegido
POL-00320,ASEG-00255,VEH-00260,Vehiculos,2025-01-11,2026-01-11,775,25800,250,Agente,Cuenca,Vigente,Hogar Protegido
POL-00321,ASEG-00237,VEH-00083,Vehiculos,2025-02-24,2026-02-24,276,10300,250,Directo Web,Loja,Vigente,AP Accidentes
POL-00322,ASEG-00237,VEH-00240,Vehiculos,2025-01-03,2026-01-03,259,13600,400,Agente,Loja,Vencida,AP Accidentes
POL-00323,ASEG-00063,VEH-00186,Vehiculos,2024-06-23,2025-06-23,1872,54700,750,Broker,Quito,Vigente,Pyme Segura
POL-00324,ASEG-00032,VEH-00111,Vehiculos,2024-10-13,2025-10-13,843,23300,250,Sucursal,Manta,Vigente,Auto Total
POL-00325,ASEG-00155,VEH-00258,Vehiculos,2025-07-29,2026-07-29,1419,46800,250,Broker,Machala,Vigente,AP Accidentes
POL-00326,ASEG-00271,,Generales,2025-07-12,2026-07-12,891,25000,500,Agente,Quito,Vigente,AP Accidentes
POL-00327,ASEG-00129,VEH-00070,Vehiculos,2025-02-11,2026-02-11,855,41200,250,Broker,Quito,Vencida,Auto Plus
POL-00328,ASEG-00281,VEH-00206,Vehiculos,2023-10-11,2024-10-10,632,31600,500,Sucursal,Quito,Vigente,AP Accidentes
POL-00329,ASEG-00311,VEH-00027,Vehiculos,2023-03-03,2024-03-02,1787,50100,300,Sucursal,Guayaquil,Vigente,Auto Plus
POL-00330,ASEG-00091,VEH-00030,Vehiculos,2025-01-28,2026-01-28,1157,45600,250,Agente,Quito,Vigente,Hogar Protegido
POL-00331,ASEG-00075,VEH-00243,Vehiculos,2025-05-06,2026-05-06,2520,47300,200,Sucursal,Quito,Vigente,Auto Base
POL-00332,ASEG-00005,VEH-00161,Vehiculos,2024-10-20,2025-10-20,526,30400,400,Banca Seguros,Ambato,Vencida,AP Accidentes
POL-00333,ASEG-00174,VEH-00177,Vehiculos,2025-06-12,2026-06-12,613,14200,500,Banca Seguros,Cuenca,Vigente,Auto Plus
POL-00334,ASEG-00245,,Accidentes Personales,2023-09-24,2024-09-23,666,30000,50,Broker,Manta,Vencida,Auto Plus
POL-00335,ASEG-00247,VEH-00053,Vehiculos,2023-06-03,2024-06-02,987,33100,1000,Sucursal,Cuenca,Vigente,AP Accidentes
POL-00336,ASEG-00055,VEH-00217,Vehiculos,2024-08-26,2025-08-26,442,8800,500,Directo Web,Quito,Vigente,Hogar Protegido
POL-00337,ASEG-00207,VEH-00296,Vehiculos,2023-03-08,2024-03-07,1499,28500,250,Banca Seguros,Guayaquil,Vigente,Hogar Protegido
POL-00338,ASEG-00092,VEH-00096,Vehiculos,2024-01-05,2025-01-04,1687,30800,400,Banca Seguros,Loja,Vigente,Auto Base
POL-00339,ASEG-00095,VEH-00348,Vehiculos,2025-10-11,2026-10-11,191,6000,200,Agente,Guayaquil,Vigente,Auto Total
POL-00340,ASEG-00111,,Generales,2025-03-30,2026-03-30,1262,25000,250,Directo Web,Quito,Vigente,Auto Total
POL-00341,ASEG-00150,VEH-00299,Vehiculos,2024-01-14,2025-01-13,873,26200,1000,Directo Web,Guayaquil,Vigente,Auto Plus
POL-00342,ASEG-00058,VEH-00414,Vehiculos,2024-07-24,2025-07-24,1144,35400,400,Banca Seguros,Machala,Vigente,Auto Plus
POL-00343,ASEG-00289,VEH-00017,Vehiculos,2024-10-27,2025-10-27,448,21100,200,Banca Seguros,Santo Domingo,Vencida,Hogar Protegido
POL-00344,ASEG-00167,VEH-00056,Vehiculos,2024-03-24,2025-03-24,1288,53700,500,Broker,Loja,Cancelada,AP Accidentes
POL-00345,ASEG-00093,,Accidentes Personales,2023-11-24,2024-11-23,2394,50000,0,Agente,Quito,Vigente,Hogar Protegido
POL-00346,ASEG-00220,VEH-00031,Vehiculos,2025-05-31,2026-05-31,1847,55800,400,Broker,Machala,Vigente,Auto Plus
POL-00347,ASEG-00284,VEH-00330,Vehiculos,2024-02-25,2025-02-24,724,28300,400,Banca Seguros,Ambato,Vigente,AP Accidentes
POL-00348,ASEG-00001,VEH-00259,Vehiculos,2025-06-09,2026-06-09,321,21300,1000,Directo Web,Machala,Vigente,Auto Total
POL-00349,ASEG-00087,VEH-00023,Vehiculos,2023-07-31,2024-07-30,2258,46300,1000,Broker,Guayaquil,Vigente,Auto Total
POL-00350,ASEG-00191,VEH-00398,Vehiculos,2024-09-04,2025-09-04,401,24600,500,Banca Seguros,Santo Domingo,Vencida,Hogar Protegido
POL-00351,ASEG-00116,,Accidentes Personales,2024-12-14,2025-12-14,348,15000,50,Broker,Machala,Vigente,Auto Total
POL-00352,ASEG-00021,VEH-00079,Vehiculos,2024-11-09,2025-11-09,1450,26900,1000,Broker,Guayaquil,Cancelada,Auto Base
POL-00353,ASEG-00169,VEH-00408,Vehiculos,2023-03-10,2024-03-09,561,18000,1000,Banca Seguros,Ambato,Vencida,Auto Base
POL-00354,ASEG-00107,VEH-00320,Vehiculos,2024-05-17,2025-05-17,514,19200,250,Broker,Ambato,Vigente,Auto Plus
POL-00355,ASEG-00004,VEH-00416,Vehiculos,2024-12-11,2025-12-11,1945,43600,750,Broker,Quito,Vigente,Auto Base
POL-00356,ASEG-00139,VEH-00047,Vehiculos,2023-04-28,2024-04-27,1037,36600,1000,Directo Web,Machala,Vencida,Hogar Protegido
POL-00357,ASEG-00308,VEH-00315,Vehiculos,2023-04-26,2024-04-25,271,11000,250,Broker,Quito,Vigente,AP Accidentes
POL-00358,ASEG-00159,VEH-00302,Vehiculos,2023-11-24,2024-11-23,248,8200,200,Directo Web,Quito,Vigente,Hogar Protegido
POL-00359,ASEG-00105,VEH-00230,Vehiculos,2023-07-20,2024-07-19,689,31000,250,Broker,Guayaquil,Vigente,Auto Base
POL-00360,ASEG-00119,VEH-00370,Vehiculos,2025-05-17,2026-05-17,601,21700,400,Banca Seguros,Guayaquil,Vigente,AP Accidentes
POL-00361,ASEG-00129,VEH-00197,Vehiculos,2023-10-18,2024-10-17,2449,48400,200,Sucursal,Cuenca,Vencida,Auto Plus
POL-00362,ASEG-00014,VEH-00003,Vehiculos,2023-11-21,2024-11-20,2468,49200,750,Directo Web,Quito,Vencida,Auto Base
POL-00363,ASEG-00032,VEH-00098,Vehiculos,2023-08-05,2024-08-04,498,11700,300,Directo Web,Quito,Vigente,Auto Total
POL-00364,ASEG-00139,VEH-00108,Vehiculos,2023-10-13,2024-10-12,548,13500,500,Agente,Machala,Vigente,AP Accidentes
POL-00365,ASEG-00249,VEH-00303,Vehiculos,2023-10-14,2024-10-13,890,22700,400,Directo Web,Cuenca,Vencida,Auto Plus
POL-00366,ASEG-00048,VEH-00257,Vehiculos,2024-06-04,2025-06-04,1004,23900,1000,Banca Seguros,Guayaquil,Vencida,Hogar Protegido
POL-00367,ASEG-00093,,Hogar,2023-01-16,2024-01-16,1735,50000,750,Sucursal,Quito,Vencida,Auto Plus
POL-00368,ASEG-00107,VEH-00121,Vehiculos,2025-05-30,2026-05-30,577,19700,200,Agente,Ambato,Vigente,AP Accidentes
POL-00369,ASEG-00278,VEH-00341,Vehiculos,2025-06-06,2026-06-06,845,16800,200,Banca Seguros,Santo Domingo,Vencida,Auto Base
POL-00370,ASEG-00270,VEH-00272,Vehiculos,2023-12-18,2024-12-17,2402,55900,300,Sucursal,Guayaquil,Vigente,Auto Plus
POL-00371,ASEG-00010,VEH-00379,Vehiculos,2025-03-25,2026-03-25,1603,38800,250,Directo Web,Cuenca,Vigente,Auto Plus
POL-00372,ASEG-00327,VEH-00164,Vehiculos,2023-06-14,2024-06-13,1091,35600,500,Broker,Guayaquil,Vigente,Auto Base
POL-00373,ASEG-00005,VEH-00387,Vehiculos,2024-01-11,2025-01-10,828,17700,750,Sucursal,Guayaquil,Vigente,Auto Base
POL-00374,ASEG-00229,VEH-00089,Vehiculos,2024-01-22,2025-01-21,1060,42300,1000,Agente,Quito,Vigente,Auto Plus
POL-00375,ASEG-00084,,Hogar,2023-06-28,2024-06-27,1938,50000,250,Banca Seguros,Quito,Vigente,AP Accidentes
POL-00376,ASEG-00202,VEH-00088,Vehiculos,2025-06-27,2026-06-27,282,9000,250,Directo Web,Santo Domingo,Vencida,Auto Total
POL-00377,ASEG-00298,VEH-00185,Vehiculos,2024-01-15,2025-01-14,532,11000,400,Agente,Guayaquil,Vigente,Hogar Protegido
POL-00378,ASEG-00039,VEH-00026,Vehiculos,2023-06-22,2024-06-21,1097,44200,250,Banca Seguros,Quito,Vigente,Auto Plus
POL-00379,ASEG-00083,VEH-00153,Vehiculos,2023-07-11,2024-07-10,148,6200,500,Agente,Manta,Vigente,Auto Total
POL-00380,ASEG-00271,VEH-00074,Vehiculos,2023-03-18,2024-03-17,579,22100,400,Sucursal,Quito,Vencida,Auto Total
POL-00381,ASEG-00243,,Accidentes Personales,2025-03-11,2026-03-11,866,20000,50,Directo Web,Guayaquil,Vigente,Hogar Protegido
POL-00382,ASEG-00167,VEH-00117,Vehiculos,2024-02-14,2025-02-13,372,20000,400,Broker,Guayaquil,Vencida,Pyme Segura
POL-00383,ASEG-00057,,Generales,2024-02-10,2025-02-09,1549,100000,100,Banca Seguros,Quito,Vigente,Pyme Segura
POL-00384,ASEG-00048,VEH-00223,Vehiculos,2024-02-14,2025-02-13,1106,36200,200,Directo Web,Cuenca,Vigente,Pyme Segura
POL-00385,ASEG-00101,VEH-00236,Vehiculos,2025-08-20,2026-08-20,1218,33900,400,Sucursal,Guayaquil,Vencida,Auto Total
POL-00386,ASEG-00217,VEH-00355,Vehiculos,2024-05-29,2025-05-29,830,37400,300,Directo Web,Santo Domingo,Vencida,Auto Total
POL-00387,ASEG-00243,VEH-00168,Vehiculos,2023-07-24,2024-07-23,1322,40500,500,Sucursal,Quito,Vigente,Hogar Protegido
POL-00388,ASEG-00097,VEH-00089,Vehiculos,2024-01-10,2025-01-09,325,12300,250,Directo Web,Cuenca,Vigente,Auto Base
POL-00389,ASEG-00040,VEH-00394,Vehiculos,2024-03-24,2025-03-24,584,18200,300,Broker,Quito,Vigente,AP Accidentes
POL-00390,ASEG-00294,VEH-00131,Vehiculos,2023-01-23,2024-01-23,639,12800,300,Directo Web,Quito,Vigente,AP Accidentes
POL-00391,ASEG-00071,VEH-00215,Vehiculos,2023-03-26,2024-03-25,630,18700,750,Sucursal,Loja,Vigente,Auto Base
POL-00392,ASEG-00033,VEH-00335,Vehiculos,2023-01-07,2024-01-07,958,39800,300,Directo Web,Guayaquil,Vigente,Auto Base
POL-00393,ASEG-00090,VEH-00047,Vehiculos,2024-07-24,2025-07-24,1127,24400,300,Agente,Santo Domingo,Vigente,Auto Plus
POL-00394,ASEG-00245,VEH-00274,Vehiculos,2025-05-25,2026-05-25,324,9400,300,Sucursal,Santo Domingo,Vigente,Auto Base
POL-00395,ASEG-00114,VEH-00234,Vehiculos,2024-06-20,2025-06-20,559,16800,250,Sucursal,Quito,Vigente,AP Accidentes
POL-00396,ASEG-00334,,Accidentes Personales,2024-06-09,2025-06-09,607,30000,150,Broker,Cuenca,Vigente,Auto Total
POL-00397,ASEG-00189,VEH-00338,Vehiculos,2023-06-28,2024-06-27,1954,41000,300,Banca Seguros,Santo Domingo,Vigente,Auto Total
POL-00398,ASEG-00077,VEH-00232,Vehiculos,2023-12-08,2024-12-07,700,36100,1000,Directo Web,Manta,Vigente,Pyme Segura
POL-00399,ASEG-00233,VEH-00333,Vehiculos,2025-02-27,2026-02-27,562,10400,300,Sucursal,Manta,Vigente,Auto Total
POL-00400,ASEG-00117,VEH-00362,Vehiculos,2024-06-30,2025-06-30,491,13900,500,Sucursal,Cuenca,Vigente,AP Accidentes
POL-00401,ASEG-00341,VEH-00109,Vehiculos,2025-04-08,2026-04-08,1782,38200,750,Banca Seguros,Guayaquil,Vencida,Auto Plus
POL-00402,ASEG-00094,VEH-00216,Vehiculos,2025-08-31,2026-08-31,1015,38700,750,Agente,Guayaquil,Vigente,AP Accidentes
POL-00403,ASEG-00261,VEH-00332,Vehiculos,2024-11-04,2025-11-04,667,14700,500,Agente,Guayaquil,Vigente,Auto Plus
POL-00404,ASEG-00294,VEH-00213,Vehiculos,2023-12-13,2024-12-12,1923,45000,500,Banca Seguros,Manta,Vigente,AP Accidentes
POL-00405,ASEG-00013,VEH-00380,Vehiculos,2024-10-22,2025-10-22,439,10500,1000,Broker,Quito,Vigente,Auto Total
POL-00406,ASEG-00234,VEH-00031,Vehiculos,2025-05-15,2026-05-15,2676,58700,750,Sucursal,Manta,Vigente,AP Accidentes
POL-00407,ASEG-00016,VEH-00209,Vehiculos,2024-01-18,2025-01-17,120,6300,1000,Banca Seguros,Loja,Vencida,Pyme Segura
POL-00408,ASEG-00008,VEH-00243,Vehiculos,2023-12-30,2024-12-29,1718,48600,1000,Banca Seguros,Quito,Vencida,Auto Plus
POL-00409,ASEG-00252,VEH-00062,Vehiculos,2025-05-07,2026-05-07,2772,51700,300,Broker,Guayaquil,Vigente,AP Accidentes
POL-00410,ASEG-00004,VEH-00274,Vehiculos,2024-09-22,2025-09-22,699,32000,300,Broker,Cuenca,Vigente,Pyme Segura
POL-00411,ASEG-00303,VEH-00275,Vehiculos,2024-04-25,2025-04-25,586,12800,750,Directo Web,Quito,Vigente,Pyme Segura
POL-00412,ASEG-00308,VEH-00355,Vehiculos,2024-08-01,2025-08-01,966,25700,1000,Sucursal,Santo Domingo,Vigente,AP Accidentes
POL-00413,ASEG-00307,VEH-00092,Vehiculos,2024-11-27,2025-11-27,892,39500,400,Banca Seguros,Guayaquil,Vigente,Auto Base
POL-00414,ASEG-00119,,Accidentes Personales,2024-07-23,2025-07-23,643,15000,0,Agente,Guayaquil,Vigente,Hogar Protegido
POL-00415,ASEG-00058,VEH-00213,Vehiculos,2023-01-12,2024-01-12,875,29100,750,Broker,Machala,Vigente,Auto Base
POL-00416,ASEG-00331,VEH-00271,Vehiculos,2023-04-17,2024-04-16,685,16700,400,Banca Seguros,Quito,Vencida,Pyme Segura
POL-00417,ASEG-00073,VEH-00335,Vehiculos,2024-11-03,2025-11-03,494,9400,250,Agente,Guayaquil,Vigente,Hogar Protegido
POL-00418,ASEG-00080,VEH-00212,Vehiculos,2023-03-29,2024-03-28,849,36700,200,Banca Seguros,Quito,Vigente,Pyme Segura
POL-00419,ASEG-00034,VEH-00233,Vehiculos,2023-11-04,2024-11-03,1420,36400,250,Broker,Cuenca,Vigente,Auto Base
POL-00420,ASEG-00154,VEH-00270,Vehiculos,2023-03-03,2024-03-02,823,52200,1000,Banca Seguros,Quito,Vigente,Auto Base
POL-00421,ASEG-00290,VEH-00095,Vehiculos,2025-08-14,2026-08-14,771,41600,300,Agente,Quito,Vigente,Hogar Protegido
POL-00422,ASEG-00058,VEH-00369,Vehiculos,2025-02-27,2026-02-27,554,11800,250,Broker,Machala,Vigente,Auto Total
POL-00423,ASEG-00272,VEH-00069,Vehiculos,2024-05-06,2025-05-06,1180,35500,200,Broker,Guayaquil,Cancelada,AP Accidentes
POL-00424,ASEG-00100,,Accidentes Personales,2024-06-25,2025-06-25,474,20000,100,Sucursal,Ambato,Vigente,Auto Plus
POL-00425,ASEG-00329,VEH-00130,Vehiculos,2025-09-19,2026-09-19,183,8300,200,Directo Web,Machala,Vencida,Pyme Segura
POL-00426,ASEG-00074,VEH-00153,Vehiculos,2025-02-04,2026-02-04,353,9100,400,Broker,Quito,Vencida,AP Accidentes
POL-00427,ASEG-00187,VEH-00128,Vehiculos,2024-06-29,2025-06-29,945,30300,400,Agente,Guayaquil,Vigente,AP Accidentes
POL-00428,ASEG-00333,VEH-00390,Vehiculos,2023-09-28,2024-09-27,1432,58000,300,Directo Web,Quito,Vigente,Auto Base
POL-00429,ASEG-00114,VEH-00358,Vehiculos,2024-06-07,2025-06-07,635,35000,1000,Sucursal,Quito,Vencida,Auto Base
POL-00430,ASEG-00348,,Generales,2025-03-30,2026-03-30,1843,50000,500,Banca Seguros,Quito,Vigente,AP Accidentes
POL-00431,ASEG-00128,VEH-00266,Vehiculos,2025-03-30,2026-03-30,1434,26100,250,Broker,Manta,Vigente,AP Accidentes
POL-00432,ASEG-00207,VEH-00414,Vehiculos,2025-04-15,2026-04-15,306,17100,500,Directo Web,Quito,Vigente,AP Accidentes
POL-00433,ASEG-00342,VEH-00090,Vehiculos,2023-04-14,2024-04-13,944,24100,250,Broker,Cuenca,Cancelada,Hogar Protegido
POL-00434,ASEG-00318,VEH-00066,Vehiculos,2025-05-03,2026-05-03,1481,27600,200,Banca Seguros,Quito,Vigente,Auto Plus
POL-00435,ASEG-00097,VEH-00177,Vehiculos,2023-11-13,2024-11-12,1651,42200,750,Banca Seguros,Guayaquil,Vigente,Auto Base
POL-00436,ASEG-00284,VEH-00377,Vehiculos,2025-03-29,2026-03-29,822,24500,500,Banca Seguros,Guayaquil,Vigente,AP Accidentes
POL-00437,ASEG-00007,VEH-00155,Vehiculos,2024-06-05,2025-06-05,440,26000,250,Directo Web,Guayaquil,Vencida,Auto Plus
POL-00438,ASEG-00049,VEH-00168,Vehiculos,2024-01-24,2025-01-23,1016,55300,500,Sucursal,Quito,Vigente,Auto Total
POL-00439,ASEG-00035,VEH-00149,Vehiculos,2025-08-13,2026-08-13,1448,29800,250,Agente,Guayaquil,Vencida,Auto Base
POL-00440,ASEG-00334,VEH-00339,Vehiculos,2023-03-11,2024-03-10,1515,28900,750,Directo Web,Quito,Vigente,Auto Plus
POL-00441,ASEG-00265,VEH-00416,Vehiculos,2024-10-20,2025-10-20,955,19600,750,Agente,Machala,Vigente,Hogar Protegido
POL-00442,ASEG-00223,VEH-00330,Vehiculos,2025-02-24,2026-02-24,786,17600,250,Broker,Quito,Vigente,Auto Total
POL-00443,ASEG-00169,,Hogar,2023-11-06,2024-11-05,486,20000,250,Agente,Ambato,Vigente,AP Accidentes
POL-00444,ASEG-00219,VEH-00220,Vehiculos,2023-07-29,2024-07-28,690,18500,300,Broker,Ambato,Vencida,Hogar Protegido
POL-00445,ASEG-00280,VEH-00419,Vehiculos,2025-01-27,2026-01-27,691,34100,500,Sucursal,Loja,Vigente,Auto Plus
POL-00446,ASEG-00322,VEH-00002,Vehiculos,2025-04-16,2026-04-16,1363,26000,200,Directo Web,Manta,Cancelada,Auto Plus
POL-00447,ASEG-00334,VEH-00376,Vehiculos,2024-08-17,2025-08-17,206,8300,300,Sucursal,Santo Domingo,Vigente,Pyme Segura
POL-00448,ASEG-00084,VEH-00163,Vehiculos,2023-05-29,2024-05-28,1577,46000,250,Sucursal,Cuenca,Vigente,Auto Total
POL-00449,ASEG-00255,VEH-00251,Vehiculos,2023-12-14,2024-12-13,819,15000,400,Broker,Ambato,Vigente,Hogar Protegido
POL-00450,ASEG-00340,,Hogar,2023-10-28,2024-10-27,1931,50000,150,Broker,Loja,Vigente,Auto Total
POL-00451,ASEG-00098,VEH-00153,Vehiculos,2024-08-24,2025-08-24,552,11300,300,Banca Seguros,Ambato,Vigente,Auto Base
POL-00452,ASEG-00253,VEH-00221,Vehiculos,2025-05-01,2026-05-01,463,19300,1000,Agente,Guayaquil,Vigente,AP Accidentes
POL-00453,ASEG-00212,VEH-00165,Vehiculos,2023-05-27,2024-05-26,1852,46100,400,Banca Seguros,Cuenca,Vencida,Auto Base
POL-00454,ASEG-00046,VEH-00248,Vehiculos,2023-12-07,2024-12-06,1140,39500,500,Sucursal,Guayaquil,Vigente,Auto Base
POL-00455,ASEG-00019,VEH-00310,Vehiculos,2024-12-26,2025-12-26,1090,37900,200,Agente,Guayaquil,Vigente,Auto Total
POL-00456,ASEG-00165,VEH-00232,Vehiculos,2025-03-14,2026-03-14,1010,40500,300,Sucursal,Quito,Vigente,AP Accidentes
POL-00457,ASEG-00243,VEH-00002,Vehiculos,2023-01-24,2024-01-24,1718,33900,250,Directo Web,Cuenca,Vigente,Auto Base
POL-00458,ASEG-00061,VEH-00277,Vehiculos,2023-02-07,2024-02-07,1625,41500,250,Banca Seguros,Manta,Vigente,Auto Total
POL-00459,ASEG-00277,VEH-00013,Vehiculos,2025-02-22,2026-02-22,719,33600,1000,Agente,Quito,Vigente,Auto Base
POL-00460,ASEG-00279,VEH-00284,Vehiculos,2024-07-24,2025-07-24,1463,32700,750,Banca Seguros,Guayaquil,Vigente,Auto Plus
POL-00461,ASEG-00201,VEH-00165,Vehiculos,2024-11-23,2025-11-23,341,13000,400,Banca Seguros,Manta,Vigente,Auto Plus
POL-00462,ASEG-00122,VEH-00176,Vehiculos,2023-09-28,2024-09-27,1166,22300,200,Sucursal,Quito,Vigente,Auto Total
POL-00463,ASEG-00258,,Accidentes Personales,2025-06-03,2026-06-03,1056,30000,0,Banca Seguros,Cuenca,Vigente,Auto Total
POL-00464,ASEG-00306,VEH-00087,Vehiculos,2023-08-29,2024-08-28,1473,37200,750,Directo Web,Ambato,Vencida,Auto Total
POL-00465,ASEG-00048,VEH-00103,Vehiculos,2023-10-25,2024-10-24,557,29300,400,Directo Web,Cuenca,Vigente,Hogar Protegido
POL-00466,ASEG-00025,VEH-00176,Vehiculos,2025-03-28,2026-03-28,1020,24700,250,Sucursal,Machala,Vigente,AP Accidentes
POL-00467,ASEG-00345,VEH-00082,Vehiculos,2024-10-04,2025-10-04,1295,25300,500,Sucursal,Guayaquil,Vigente,Auto Base
POL-00468,ASEG-00187,VEH-00365,Vehiculos,2025-09-10,2026-09-10,1605,30100,750,Banca Seguros,Cuenca,Vigente,Pyme Segura
POL-00469,ASEG-00071,,Accidentes Personales,2023-06-13,2024-06-12,797,30000,0,Banca Seguros,Quito,Vigente,Pyme Segura
POL-00470,ASEG-00125,VEH-00296,Vehiculos,2025-09-22,2026-09-22,2773,50500,400,Sucursal,Guayaquil,Vigente,Auto Base
POL-00471,ASEG-00296,,Hogar,2025-01-14,2026-01-14,615,30000,150,Banca Seguros,Ambato,Vigente,Auto Plus
POL-00472,ASEG-00192,VEH-00249,Vehiculos,2025-07-07,2026-07-07,461,9000,250,Agente,Quito,Vigente,Auto Total
POL-00473,ASEG-00202,VEH-00122,Vehiculos,2025-03-21,2026-03-21,1112,23100,400,Broker,Santo Domingo,Vigente,Pyme Segura
POL-00474,ASEG-00045,VEH-00332,Vehiculos,2024-06-28,2025-06-28,257,7000,500,Broker,Manta,Vigente,Hogar Protegido
POL-00475,ASEG-00061,VEH-00085,Vehiculos,2024-04-30,2025-04-30,1054,50900,200,Banca Seguros,Machala,Vigente,Auto Plus
POL-00476,ASEG-00103,,Hogar,2025-01-29,2026-01-29,4284,100000,750,Agente,Quito,Vigente,Auto Plus
POL-00477,ASEG-00201,VEH-00022,Vehiculos,2025-05-31,2026-05-31,574,11600,250,Sucursal,Manta,Vencida,Pyme Segura
POL-00478,ASEG-00165,VEH-00132,Vehiculos,2023-10-08,2024-10-07,372,14100,300,Banca Seguros,Quito,Vigente,Auto Base
POL-00479,ASEG-00169,VEH-00116,Vehiculos,2023-09-12,2024-09-11,1524,37900,200,Banca Seguros,Ambato,Vigente,Auto Base
POL-00480,ASEG-00323,VEH-00180,Vehiculos,2024-08-03,2025-08-03,671,23800,1000,Broker,Cuenca,Vencida,Hogar Protegido
POL-00481,ASEG-00190,VEH-00077,Vehiculos,2025-10-10,2026-10-10,515,12000,300,Broker,Quito,Cancelada,AP Accidentes
POL-00482,ASEG-00053,VEH-00416,Vehiculos,2023-10-13,2024-10-12,916,28700,500,Directo Web,Quito,Vigente,Pyme Segura
POL-00483,ASEG-00079,VEH-00388,Vehiculos,2025-04-11,2026-04-11,150,6600,250,Agente,Cuenca,Vigente,Auto Base
POL-00484,ASEG-00014,VEH-00037,Vehiculos,2024-02-12,2025-02-11,506,28600,200,Agente,Loja,Vigente,Auto Total
POL-00485,ASEG-00162,VEH-00217,Vehiculos,2025-06-20,2026-06-20,583,19500,200,Directo Web,Quito,Vigente,Auto Plus
POL-00486,ASEG-00303,VEH-00168,Vehiculos,2024-06-27,2025-06-27,420,14000,750,Directo Web,Quito,Vigente,Pyme Segura
POL-00487,ASEG-00164,,Hogar,2025-08-15,2026-08-15,2777,100000,150,Banca Seguros,Guayaquil,Vencida,Auto Total
POL-00488,ASEG-00330,VEH-00269,Vehiculos,2025-03-25,2026-03-25,1191,22700,750,Sucursal,Quito,Vigente,AP Accidentes
POL-00489,ASEG-00170,,Accidentes Personales,2024-04-26,2025-04-26,653,15000,100,Banca Seguros,Quito,Vigente,Hogar Protegido
POL-00490,ASEG-00004,VEH-00192,Vehiculos,2023-04-11,2024-04-10,2997,55700,250,Sucursal,Quito,Vencida,Pyme Segura
POL-00491,ASEG-00046,VEH-00278,Vehiculos,2023-01-13,2024-01-13,758,39900,750,Agente,Guayaquil,Vigente,AP Accidentes
POL-00492,ASEG-00251,VEH-00124,Vehiculos,2023-10-22,2024-10-21,1624,41500,750,Broker,Quito,Vigente,AP Accidentes
POL-00493,ASEG-00149,VEH-00133,Vehiculos,2023-10-01,2024-09-30,760,16700,250,Sucursal,Guayaquil,Vigente,Hogar Protegido
POL-00494,ASEG-00335,VEH-00096,Vehiculos,2025-06-18,2026-06-18,865,21700,250,Broker,Loja,Vigente,Auto Base
POL-00495,ASEG-00334,VEH-00073,Vehiculos,2024-05-03,2025-05-03,655,41300,250,Agente,Quito,Vigente,Hogar Protegido
POL-00496,ASEG-00097,VEH-00117,Vehiculos,2023-12-25,2024-12-24,820,30700,300,Directo Web,Cuenca,Vigente,Auto Total
POL-00497,ASEG-00310,VEH-00303,Vehiculos,2023-01-19,2024-01-19,1723,50200,750,Agente,Guayaquil,Vigente,Auto Base
POL-00498,ASEG-00176,,Accidentes Personales,2023-04-28,2024-04-27,973,30000,100,Banca Seguros,Quito,Vigente,Hogar Protegido
POL-00499,ASEG-00114,VEH-00064,Vehiculos,2025-03-16,2026-03-16,1751,32200,300,Broker,Quito,Vigente,AP Accidentes
POL-00500,ASEG-00321,VEH-00372,Vehiculos,2023-09-20,2024-09-19,1246,37000,400,Agente,Quito,Vigente,Pyme Segura
POL-00501,ASEG-00260,,Hogar,2025-03-26,2026-03-26,3315,75000,500,Sucursal,Quito,Vigente,Hogar Protegido
POL-00502,ASEG-00186,VEH-00027,Vehiculos,2023-03-12,2024-03-11,729,26500,500,Directo Web,Ambato,Vigente,Auto Base
POL-00503,ASEG-00044,VEH-00373,Vehiculos,2025-08-26,2026-08-26,599,22300,750,Sucursal,Manta,Vigente,Pyme Segura
POL-00504,ASEG-00332,VEH-00223,Vehiculos,2025-01-21,2026-01-21,892,27800,250,Directo Web,Quito,Vigente,Auto Total
POL-00505,ASEG-00221,VEH-00082,Vehiculos,2023-03-23,2024-03-22,826,26500,750,Directo Web,Quito,Vigente,AP Accidentes
POL-00506,ASEG-00135,VEH-00211,Vehiculos,2024-08-02,2025-08-02,924,36000,400,Banca Seguros,Guayaquil,Vigente,Hogar Protegido
POL-00507,ASEG-00112,VEH-00301,Vehiculos,2025-09-19,2026-09-19,2150,44300,500,Banca Seguros,Machala,Vencida,Auto Base
POL-00508,ASEG-00307,VEH-00362,Vehiculos,2023-03-12,2024-03-11,704,17700,750,Directo Web,Guayaquil,Vigente,Auto Base
POL-00509,ASEG-00306,VEH-00360,Vehiculos,2024-03-01,2025-03-01,342,10800,1000,Directo Web,Manta,Vigente,Auto Plus
POL-00510,ASEG-00114,VEH-00303,Vehiculos,2025-02-19,2026-02-19,275,14500,250,Banca Seguros,Guayaquil,Vigente,Hogar Protegido
POL-00511,ASEG-00334,VEH-00039,Vehiculos,2023-08-02,2024-08-01,549,20700,500,Broker,Machala,Vigente,Auto Total
POL-00512,ASEG-00038,VEH-00094,Vehiculos,2025-06-13,2026-06-13,2213,40600,750,Broker,Guayaquil,Vencida,Hogar Protegido
POL-00513,ASEG-00272,,Accidentes Personales,2025-10-16,2026-10-16,961,20000,50,Broker,Quito,Vigente,Pyme Segura
POL-00514,ASEG-00237,VEH-00383,Vehiculos,2025-10-03,2026-10-03,511,14400,1000,Broker,Loja,Vencida,Auto Plus
POL-00515,ASEG-00105,VEH-00231,Vehiculos,2025-09-16,2026-09-16,437,10600,300,Directo Web,Machala,Vigente,Hogar Protegido
POL-00516,ASEG-00026,VEH-00197,Vehiculos,2024-02-14,2025-02-13,1215,48200,750,Sucursal,Quito,Vigente,Pyme Segura
POL-00517,ASEG-00295,VEH-00307,Vehiculos,2024-07-09,2025-07-09,1046,23200,200,Sucursal,Guayaquil,Vigente,Hogar Protegido
POL-00518,ASEG-00138,VEH-00291,Vehiculos,2025-03-03,2026-03-03,355,9700,750,Banca Seguros,Quito,Vencida,AP Accidentes
POL-00519,ASEG-00079,VEH-00104,Vehiculos,2023-09-02,2024-09-01,499,13600,1000,Broker,Quito,Vigente,AP Accidentes
POL-00520,ASEG-00206,VEH-00068,Vehiculos,2025-05-07,2026-05-07,1041,20400,300,Banca Seguros,Guayaquil,Vigente,Auto Base
