id_vehiculo,placa_hash,marca,modelo,anio,chasis_hash,motor_hash,ciudad,uso
VEH-00001,PLC-FQM9RIT8,Mazda,Mazda 3,2024,CHS-F6KJKVCBFCQN,MTR-0B58ST4PZT,Cuenca,Particular
VEH-00002,PLC-3NVJUUWZ,Hyundai,Creta,2020,CHS-IX69GUP3HR2P,MTR-JGDSY0PKUU,Cuenca,Particular
VEH-00003,PLC-5BFZ63PN,Suzuki,Swift,2024,CHS-WDDS54S8AG1I,MTR-QXZXCZD9MX,Quito,Particular
VEH-00004,PLC-HIGZXV9X,Suzuki,Swift,2024,CHS-JM6Z6CCCIV47,MTR-3J6IUUKZTV,Quito,Particular
VEH-00005,PLC-BXVH0TB4,Suzuki,Swift,2021,CHS-QOD4K7YJPCHM,MTR-B2U0J0N064,Guayaquil,Taxi/Ride-hailing
VEH-00006,PLC-9U47YUL3,Chevrolet,Aveo,2021,CHS-8V8WQ4MPR9TO,MTR-TSN5U4W9RS,Cuenca,Particular
VEH-00007,PLC-JSCSFW2Q,Great Wall,Haval H6,2024,CHS-4NM8R9RIGPPD,MTR-7OODG0V4GI,Cuenca,Particular
VEH-00008,PLC-44MSUSDF,Hyundai,Creta,2022,CHS-O8CL0LCZ5LSC,MTR-ATGVS3875I,Guayaquil,Comercial
VEH-00009,PLC-3QLAVSML,Toyota,Hilux,2019,CHS-Z16UFZGLI4UP,MTR-AQYP2RVTAQ,Guayaquil,Particular
VEH-00010,PLC-KZ6THSXO,Chevrolet,Sail,2021,CHS-OI4J3X0948NP,MTR-F727XEHD96,Cuenca,Particular
VEH-00011,PLC-2HN5F62D,Hyundai,Santa Fe,2024,CHS-3I603D93TBZQ,MTR-ANEC1WE8DE,Guayaquil,Carga liviana
VEH-00012,PLC-I0XY2YYF,Nissan,Frontier,2017,CHS-8IWHL8Z7IOAB,MTR-T3818YOP3W,Guayaquil,Particular
VEH-00013,PLC-0BPNEGC2,Kia,Rio,2024,CHS-DPCZ2O8NDI6S,MTR-OUUPTJ7O0T,Quito,Particular
VEH-00014,PLC-DWY7U00J,Hyundai,Creta,2022,CHS-TYL84POTJ3D9,MTR-0097IYPQNV,Guayaquil,Particular
VEH-00015,PLC-MDRYCEM9,Mazda,BT-50,2021,CHS-N4NVTANMH4PN,MTR-ZP9USY38WT,Machala,Particular
VEH-00016,PLC-4UNXU0CO,Suzuki,Swift,2016,CHS-JBQ90SJMVOYP,MTR-59VQ553KWK,Guayaquil,Particular
VEH-00017,PLC-EDA0IOEJ,Hyundai,Tucson,2021,CHS-AN63XD45BA89,MTR-0AB7R8SB61,Guayaquil,Comercial
VEH-00018,PLC-PM7QWRZF,Kia,Rio,2021,CHS-XZ3POTFCFZYY,MTR-94DAKF51VG,Santo Domingo,Taxi/Ride-hailing
VEH-00019,PLC-4RCER8CL,Toyota,Corolla,2024,CHS-UBNJZETKPY8V,MTR-YIF6WDG1OE,Santo Domingo,Particular
VEH-00020,PLC-R25OW9Y1,Great Wall,Haval H6,2014,CHS-LYFSPEFRJYJY,MTR-UXGFAT2XRG,Ambato,Particular
VEH-00021,PLC-FW9FUYAS,Suzuki,Swift,2016,CHS-0YF9P7KYKIRT,MTR-R5JEK1R0T4,Quito,Comercial
VEH-00022,PLC-M3GITAZV,Toyota,Rav4,2022,CHS-YV2V1ITUM4UL,MTR-ZUS5PUYRZX,Guayaquil,Particular
VEH-00023,PLC-3N2SE05I,Hyundai,Tucson,2025,CHS-TPQJ1YE24Z86,MTR-08CX8FGPWK,Guayaquil,Particular
VEH-00024,PLC-1GAGQO67,Great Wall,Haval H6,2025,CHS-9O2XZ36JWB4G,MTR-S0FHJWTV3N,Quito,Particular
VEH-00025,PLC-2UETCHBV,Kia,Seltos,2023,CHS-GKP7L9KV913O,MTR-ZLL1ZBM21Y,Quito,Particular
VEH-00026,PLC-EG8LXUM3,Nissan,X-Trail,2024,CHS-HQ57UYZHWW3L,MTR-TFIUHPTHLX,Quito,Particular
VEH-00027,PLC-1L58L9K5,Great Wall,Wingle,2022,CHS-SILU2DWA5IMY,MTR-96505025KF,Guayaquil,Particular
VEH-00028,PLC-O8SK3596,Toyota,Fortuner,2014,CHS-HHR8X8C28N1G,MTR-PTC2QWF2HP,Ambato,Particular
VEH-00029,PLC-1KINNDW8,Mazda,Mazda 3,2022,CHS-R8KUSSR6GI0D,MTR-RIIPJUPZ5J,Cuenca,Particular
VEH-00030,PLC-FZ6RX35U,Great Wall,Haval H6,2021,CHS-AF3WE8ZN1N5R,MTR-USV9I5VDCG,Quito,Particular
VEH-00031,PLC-K23A1MIT,Chevrolet,Sail,2025,CHS-KRFXQFXKDZTO,MTR-1FGAN4EIO7,Manta,Particular
VEH-00032,PLC-1I4EOYFG,Mazda,BT-50,2025,CHS-GUXTIYIJE7AK,MTR-2WNJ02NFGI,Quito,Comercial
VEH-00033,PLC-UIPRFP9S,Great Wall,Haval H6,2025,CHS-BTN76MZSDP5Y,MTR-HP5E7AXUIY,Guayaquil,Taxi/Ride-hailing
VEH-00034,PLC-4EBEAQNC,Mazda,Mazda 3,2023,CHS-DZ6S601ZF88J,MTR-RFTF6NJ8UZ,Guayaquil,Particular
VEH-00035,PLC-PDPF1H3D,Kia,Picanto,2023,CHS-TLHAIAK5W77Q,MTR-KXIRHBV1R7,Ambato,Particular
VEH-00036,PLC-XD5KXKQG,Kia,Seltos,2021,CHS-HO6ACAPC4XYJ,MTR-LC90OUP0UR,Cuenca,Comercial
VEH-00037,PLC-7CZE3STU,Kia,Rio,2017,CHS-F93AXMSTP3X5,MTR-M8PJA0BO8W,Guayaquil,Particular
VEH-00038,PLC-YTGN7P05,Chevrolet,D-Max,2013,CHS-DJRFCO70X3FG,MTR-6IZED1IPSQ,Cuenca,Comercial
VEH-00039,PLC-ROEMIGJG,Great Wall,Haval H6,2019,CHS-K23U0H8WN2T3,MTR-QHFKTCNUJF,Machala,Particular
VEH-00040,PLC-QLBZ299P,Great Wall,Wingle,2023,CHS-G3GIHADOIMZX,MTR-FQEBEM2IFV,Loja,Particular
VEH-00041,PLC-1Z5BY1LW,Chevrolet,Aveo,2025,CHS-NLRR2JCPS509,MTR-4DFRYI0M7P,Machala,Particular
VEH-00042,PLC-W485W6UY,Chevrolet,Captiva,2023,CHS-RLBUOBRD47WO,MTR-KGPPR8DOYW,Ambato,Carga liviana
VEH-00043,PLC-UWBWJM58,Hyundai,Accent,2018,CHS-TL5CFDOOB74A,MTR-VMIVLUDBJJ,Loja,Comercial
VEH-00044,PLC-ZGVTUIK1,Mazda,BT-50,2020,CHS-5UL9WOLYTSIL,MTR-AZCLUOG5JV,Manta,Comercial
VEH-00045,PLC-FV2AQNPE,Mazda,BT-50,2022,CHS-WQGADY20K05Y,MTR-W8YG4OK2EC,Quito,Particular
VEH-00046,PLC-YKE9FV4B,Kia,Rio,2019,CHS-1K1KDGVNM098,MTR-QSTPGDZ95J,Quito,Particular
VEH-00047,PLC-4MGBNKSF,Kia,Picanto,2024,CHS-4HTZ45QF8YLX,MTR-YXL2CQ23QO,Quito,Comercial
VEH-00048,PLC-W80O9DY7,Hyundai,Tucson,2016,CHS-084P4TFZC67J,MTR-H2LKNMIC1F,Guayaquil,Carga liviana
VEH-00049,PLC-EFY9Z9UR,Hyundai,Santa Fe,2019,CHS-73A70H0JJGGG,MTR-S8W0QY54CL,Guayaquil,Particular
VEH-00050,PLC-VPD4RXBV,Great Wall,Wingle,2020,CHS-TTR5GOIT2UR0,MTR-FM2N057XD6,Quito,Comercial
VEH-00051,PLC-7BLMMDPC,Great Wall,Wingle,2023,CHS-3DXMRX36ZHBP,MTR-X52L49WWKQ,Quito,Comercial
VEH-00052,PLC-KNOONR06,Nissan,Versa,2020,CHS-BA4ILAOQTR1Y,MTR-W3QN3T7ZGA,Cuenca,Particular
VEH-00053,PLC-STG4EVRU,Mazda,Mazda 3,2022,CHS-RQTMJ7PDZUIB,MTR-5SQ0ZYCMVO,Cuenca,Particular
VEH-00054,PLC-K9LSG4IQ,Suzuki,Swift,2021,CHS-9LVFOWOT0VXQ,MTR-S3H4DE4M6H,Guayaquil,Taxi/Ride-hailing
VEH-00055,PLC-JIMV03JU,Nissan,Frontier,2015,CHS-LF5VLUDA2RNK,MTR-K5FI11Z14Y,Guayaquil,Particular
VEH-00056,PLC-7MBAPOWT,Mazda,BT-50,2024,CHS-IGY6TKECTS37,MTR-7V1IV5WMKZ,Guayaquil,Particular
VEH-00057,PLC-6KHXCYQ8,Hyundai,Accent,2023,CHS-DDGBDH02YH9Q,MTR-4JNAT0G7RI,Quito,Particular
VEH-00058,PLC-G5MMQ7MW,Kia,Picanto,2016,CHS-0SKC95N4VPAA,MTR-FH5JF6EGQO,Santo Domingo,Particular
VEH-00059,PLC-LCSXU1HG,Nissan,Frontier,2015,CHS-CAIKVW2RFXVL,MTR-HZZ3RY40KH,Loja,Particular
VEH-00060,PLC-42LYWBI4,Hyundai,Tucson,2020,CHS-5H02CEQUA7OV,MTR-77G1P4WYJ9,Cuenca,Taxi/Ride-hailing
VEH-00061,PLC-45KE5UPV,Chevrolet,Aveo,2021,CHS-RD6O9YZPF322,MTR-F52UH5BGZ0,Guayaquil,Particular
VEH-00062,PLC-9N3VXDO3,Kia,Picanto,2024,CHS-V94X2HGOAVWS,MTR-97XGCK5I0G,Guayaquil,Particular
VEH-00063,PLC-MVG0CH23,Kia,Seltos,2018,CHS-6I5A7D9146LL,MTR-IGYU6Y0PRZ,Quito,Carga liviana
VEH-00064,PLC-6T9U9NMN,Suzuki,Vitara,2017,CHS-SWIL68UHW940,MTR-8S1A7GBYJD,Loja,Particular
VEH-00065,PLC-JDSN8CW2,Hyundai,Santa Fe,2023,CHS-G9O9YP6SDYY0,MTR-U9DAQM2OX8,Quito,Particular
VEH-00066,PLC-ELL6HYC1,Toyota,Fortuner,2021,CHS-R9QIKQAV3JCJ,MTR-UDT59WEU7O,Quito,Carga liviana
VEH-00067,PLC-ZFWONVVX,Hyundai,Creta,2021,CHS-SN749AHW2PPC,MTR-UYHYQ8SB7X,Guayaquil,Particular
VEH-00068,PLC-MU6FGK88,Suzuki,Vitara,2019,CHS-AENN1GN81EJB,MTR-3VCFEDLQ9E,Guayaquil,Particular
VEH-00069,PLC-Z1UBYH8A,Nissan,Frontier,2020,CHS-ECEW6GSTFS2Y,MTR-ZB4K8OIZ8S,Quito,Carga liviana
VEH-00070,PLC-9JHCAZ89,Mazda,BT-50,2021,CHS-FTNWN06JKLOQ,MTR-MHLD939ESE,Quito,Particular
VEH-00071,PLC-PGSEMU52,Suzuki,Swift,2020,CHS-VTJXU1KAUPO1,MTR-RXIV432WT5,Quito,Particular
VEH-00072,PLC-I8MQEEB6,Kia,Picanto,2024,CHS-BZNC9Q884JXZ,MTR-OSI366FZX6,Quito,Particular
VEH-00073,PLC-LJ4WCO5O,Hyundai,Accent,2021,CHS-EQXOCN7XY43C,MTR-CUG7RQ8LYY,Quito,Particular
VEH-00074,PLC-O7ZWW54A,Kia,Picanto,2020,CHS-6I2KOE6RNJLK,MTR-XHO0VH444N,Cuenca,Particular
VEH-00075,PLC-IKI6CJDK,Great Wall,Wingle,2018,CHS-QL7ZBSFN244K,MTR-O0JL6QKV3E,Cuenca,Particular
VEH-00076,PLC-60JGL4C8,Kia,Rio,2018,CHS-6HF4I8A170XC,MTR-71O4YWG1IQ,Guayaquil,Particular
VEH-00077,PLC-80QMAA7H,Kia,Picanto,2022,CHS-7AYNU0XGJ1QQ,MTR-81XRZN0994,Quito,Particular
VEH-00078,PLC-WZIHO2KG,Suzuki,Swift,2025,CHS-N6ZV9DKYAFJ4,MTR-1FEQOXFCYZ,Guayaquil,Particular
VEH-00079,PLC-2AM7SMC6,Chevrolet,Aveo,2022,CHS-7OKCXPAKFRZW,MTR-ZZM7AEF9S9,Guayaquil,Taxi/Ride-hailing
VEH-00080,PLC-M3ZAQL06,Nissan,Versa,2022,CHS-G9E6SVH6Q8Q2,MTR-Y4PV33B4HQ,Quito,Particular
VEH-00081,PLC-0W78AQPS,Toyota,Corolla,2024,CHS-FZVE9L4UWNRL,MTR-M5MPPQNOMP,Guayaquil,Comercial
VEH-00082,PLC-5A8C4XU5,Kia,Rio,2025,CHS-R5L6RZOID714,MTR-8C6WZL3H73,Quito,Particular
VEH-00083,PLC-UXQL9QPR,Toyota,Rav4,2022,CHS-4VXL51N0XXZR,MTR-2LIOGRP91Y,Quito,Particular
VEH-00084,PLC-L05I78U5,Hyundai,Creta,2024,CHS-TQ9DZGKDNQ4G,MTR-2VQXX99QWB,Ambato,Particular
VEH-00085,PLC-SWU652FY,Toyota,Corolla,2025,CHS-S3JKV0ZEFKVO,MTR-UUSRZR2X72,Quito,Particular
VEH-00086,PLC-QFNKZGGE,Chevrolet,Aveo,2023,CHS-49DBZ7FGQJFY,MTR-TOPS2II7KB,Quito,Particular
VEH-00087,PLC-8R92I8L3,Mazda,CX-5,2021,CHS-178TW48OF2TX,MTR-0QJTAA7IWS,Quito,Particular
VEH-00088,PLC-1SOA9XM0,Suzuki,Swift,2019,CHS-91ZPKYYOQF1P,MTR-7RS8R0MELI,Quito,Particular
VEH-00089,PLC-5MUBJD8B,Suzuki,Swift,2023,CHS-LGSRI2AOFJA5,MTR-NV0T5X3CVF,Guayaquil,Comercial
VEH-00090,PLC-E84LMQYA,Chevrolet,D-Max,2023,CHS-HPY2PCM3G7N4,MTR-YTUKC97HQ4,Machala,Particular
VEH-00091,PLC-P1UAKRHZ,Chevrolet,Aveo,2025,CHS-PAC4JXFPK5FV,MTR-DDWJ8GI5OU,Quito,Carga liviana
VEH-00092,PLC-BYWIQC52,Mazda,CX-5,2023,CHS-9S85ML8WU3R9,MTR-KE7J2SQ8X3,Ambato,Particular
VEH-00093,PLC-XPUE8YM7,Great Wall,Wingle,2024,CHS-59JSU0UHG7EC,MTR-ILCMG5MGCY,Guayaquil,Particular
VEH-00094,PLC-EAN5F3DX,Nissan,Versa,2020,CHS-90XDR7CETEN7,MTR-GGO8YMM7PL,Guayaquil,Particular
VEH-00095,PLC-1GKL9Z6V,Kia,Picanto,2022,CHS-K82WU9UX01UP,MTR-8NY9QX22ZA,Guayaquil,Particular
VEH-00096,PLC-TATONUBR,Chevrolet,Onix,2017,CHS-969JGC3WJIQX,MTR-POQTFZNEU4,Loja,Particular
VEH-00097,PLC-YFDVW10H,Kia,Picanto,2014,CHS-OAYDT7CU8JU6,MTR-OJDZ26FO1S,Manta,Comercial
VEH-00098,PLC-D9ZQFZ61,Mazda,BT-50,2021,CHS-II49M5ZM97PP,MTR-ER1UFH01XW,Quito,Particular
VEH-00099,PLC-W2J2COMX,Chevrolet,D-Max,2017,CHS-JFHDPJSAVHT2,MTR-4BVN8NN87Q,Quito,Particular
VEH-00100,PLC-7CQKDSMR,Hyundai,Tucson,2020,CHS-D3AEYRXGBSYO,MTR-Y6GU58FLM6,Guayaquil,Carga liviana
VEH-00101,PLC-7TV5ZKBW,Chevrolet,Sail,2018,CHS-WWTP6RDQYB9R,MTR-OJVZIFY7O0,Guayaquil,Particular
VEH-00102,PLC-8INI8MIT,Nissan,X-Trail,2019,CHS-7I1JKUE98HLU,MTR-JBU00T2RJM,Quito,Particular
VEH-00103,PLC-OOOBWF4I,Nissan,X-Trail,2022,CHS-64XLY54IKMOC,MTR-0AR0OMNEL2,Quito,Taxi/Ride-hailing
VEH-00104,PLC-1ZCYUZ87,Mazda,CX-5,2024,CHS-C7G23CP78ZC9,MTR-Y7DMS2ZTS3,Guayaquil,Particular
VEH-00105,PLC-32F6HL8I,Chevrolet,Onix,2025,CHS-Z0U2BL3M3FQU,MTR-KHFH2XF7Y6,Quito,Particular
VEH-00106,PLC-VJKJLD0T,Great Wall,Wingle,2023,CHS-T2SLHIMAQA35,MTR-58A5PN4302,Quito,Particular
VEH-00107,PLC-9NDLJDWC,Toyota,Fortuner,2022,CHS-JCTVFDG0LKS9,MTR-L3XCFTUXYE,Guayaquil,Comercial
VEH-00108,PLC-HRV707NN,Kia,Picanto,2021,CHS-DG7F4S1UQ7WI,MTR-5755LOSMAH,Manta,Particular
VEH-00109,PLC-00CVW9NA,Kia,Sportage,2024,CHS-MSQETT69UAHV,MTR-VZBLMVV44C,Guayaquil,Particular
VEH-00110,PLC-0D7TU98B,Suzuki,Swift,2021,CHS-NVWEJRBVY8KY,MTR-LHTUCR0F5P,Guayaquil,Particular
VEH-00111,PLC-LHXCMF26,Nissan,Versa,2021,CHS-B46JMV47TUJG,MTR-7INC3Y7HAT,Manta,Carga liviana
VEH-00112,PLC-CG7TBTNU,Kia,Picanto,2021,CHS-MMSR8U2HRJKR,MTR-HA96GN8W9U,Cuenca,Particular
VEH-00113,PLC-ETV82DIB,Nissan,X-Trail,2018,CHS-4DGYDF1ZL2WT,MTR-VM8F3IF3G3,Machala,Particular
VEH-00114,PLC-OJQXZLVU,Suzuki,Swift,2018,CHS-35BE4HW43KSW,MTR-I6GZGU9ET8,Cuenca,Particular
VEH-00115,PLC-4YEVN11V,Toyota,Corolla,2021,CHS-8PLE5H3U9G2L,MTR-TZEGYU5DFN,Guayaquil,Comercial
VEH-00116,PLC-28SY2MNU,Chevrolet,Aveo,2022,CHS-TT1WFA6ZISDX,MTR-9DA9WHSBP1,Santo Domingo,Particular
VEH-00117,PLC-Y18NL4IM,Mazda,Mazda 3,2020,CHS-9YX0JSIIAEBJ,MTR-51IFI031L3,Guayaquil,Particular
VEH-00118,PLC-L1A5P6R0,Suzuki,Swift,2020,CHS-8XCC4XH4FJ7R,MTR-37F7FP4E8T,Guayaquil,Particular
VEH-00119,PLC-4V0WSSKC,Chevrolet,Captiva,2021,CHS-TQD4KDSBS5FI,MTR-6ERQIRRQAH,Santo Domingo,Particular
VEH-00120,PLC-LQP5L7CV,Hyundai,Creta,2020,CHS-FJJ50YP2KNWD,MTR-QHDK3Z4T48,Santo Domingo,Particular
VEH-00121,PLC-71AS2YU7,Great Wall,Haval H6,2018,CHS-CG8W1RVRRGQZ,MTR-3PM7VLU9AA,Cuenca,Comercial
VEH-00122,PLC-WOSQMCBF,Kia,Rio,2023,CHS-DNHHFIYLHLQS,MTR-3E3R1UQKER,Quito,Comercial
VEH-00123,PLC-QL2E5MZL,Mazda,BT-50,2018,CHS-5GJ81NG2QGCE,MTR-EQ2B5JACYR,Guayaquil,Particular
VEH-00124,PLC-541ZE8OA,Great Wall,Wingle,2021,CHS-Y4H8WVTZDFX8,MTR-VF3SML9CYM,Quito,Particular
VEH-00125,PLC-2MICMBP5,Kia,Picanto,2021,CHS-YE8T582BCVDV,MTR-CZHN738JOE,Guayaquil,Particular
VEH-00126,PLC-CPIALDTG,Chevrolet,Captiva,2025,CHS-3KEGH5OEM1VZ,MTR-UH8IUNCLVE,Quito,Particular
VEH-00127,PLC-9K2PCIGY,Great Wall,Wingle,2023,CHS-KB5FAALFS04I,MTR-NJR720PLCL,Quito,Particular
VEH-00128,PLC-A9PMH7GX,Kia,Picanto,2019,CHS-86O3NRDMHJ45,MTR-LKCDXSN1QV,Guayaquil,Particular
VEH-00129,PLC-D8LKB56H,Suzuki,Vitara,2016,CHS-EP2U0MUOHUOG,MTR-P0MYOE45D1,Santo Domingo,Particular
VEH-00130,PLC-I3MWRMVI,Suzuki,Vitara,2020,CHS-CDRIH330KVOS,MTR-KK9OF075N4,Machala,Comercial
VEH-00131,PLC-1OJA0CC4,Great Wall,Wingle,2018,CHS-6C17Z4G25PF9,MTR-A0NIWSPFB4,Quito,Particular
VEH-00132,PLC-3IZLX3AE,Suzuki,Vitara,2025,CHS-YV7CS1R8NFVD,MTR-6XDHYX3CXX,Quito,Particular
VEH-00133,PLC-VP8H4NOU,Kia,Sportage,2017,CHS-WR61RDEXW256,MTR-7H488S2XEM,Guayaquil,Taxi/Ride-hailing
VEH-00134,PLC-SEGKRHJ5,Kia,Seltos,2024,CHS-JN7BS08I4W02,MTR-BSMEBO7V0V,Guayaquil,Particular
VEH-00135,PLC-ITKQO4XS,Suzuki,Swift,2021,CHS-DJWS3KK8SLLJ,MTR-KPHCUI2QXL,Ambato,Particular
VEH-00136,PLC-28K8THBZ,Mazda,CX-5,2017,CHS-5J3UJA86VS4S,MTR-J2VH4CI9HT,Cuenca,Particular
VEH-00137,PLC-UDM7ORMB,Toyota,Rav4,2020,CHS-F82F6ZM5U6DX,MTR-ZJ1XYXASWW,Guayaquil,Particular
VEH-00138,PLC-202SK10I,Kia,Sportage,2023,CHS-FJNT47VEYFA0,MTR-R0L93IMLYS,Guayaquil,Particular
VEH-00139,PLC-93OBAJQT,Nissan,X-Trail,2019,CHS-4HS0L5PBHR5E,MTR-X41Q4HX6BQ,Quito,Particular
VEH-00140,PLC-IWKDRX0W,Mazda,CX-5,2024,CHS-DSS7E6MLGK8U,MTR-UTRXG8WJAI,Quito,Particular
VEH-00141,PLC-KGNJ6OM9,Suzuki,Swift,2019,CHS-789H03EHIB4W,MTR-TXI27VLTBH,Guayaquil,Particular
VEH-00142,PLC-NIF1HEB4,Hyundai,Accent,2019,CHS-1CMGC6D4HQCE,MTR-TAGHNMLWBF,Manta,Particular
VEH-00143,PLC-K6P6EGA7,Nissan,X-Trail,2019,CHS-NMSK8AGN64XL,MTR-2GLWY1N6O0,Ambato,Particular
VEH-00144,PLC-I5XS9CFU,Kia,Seltos,2016,CHS-5HYS3T2O90S1,MTR-ME4XLA5GZ2,Loja,Particular
VEH-00145,PLC-GKEXMVMZ,Kia,Sportage,2020,CHS-HO15RRZW4Z56,MTR-RJ3GHQ55OI,Cuenca,Particular
VEH-00146,PLC-LYUJTGE7,Kia,Seltos,2023,CHS-53MS556Q8V88,MTR-BC1HY2UY23,Cuenca,Particular
VEH-00147,PLC-1ITY5H59,Nissan,X-Trail,2017,CHS-8449K6DZQ5YW,MTR-SUDBCIXWBV,Quito,Particular
VEH-00148,PLC-PPPTFETH,Mazda,CX-5,2020,CHS-VKB8UC3160RB,MTR-4BUYYUG5GN,Guayaquil,Particular
VEH-00149,PLC-X1M5E8NS,Mazda,BT-50,2022,CHS-QDTZOFGVRE74,MTR-1NWET6T18U,Guayaquil,Particular
VEH-00150,PLC-7L5N3R81,Suzuki,Vitara,2024,CHS-D7MX3JPJT10U,MTR-EN0RSKQPZP,Guayaquil,Particular
VEH-00151,PLC-911CMKRI,Toyota,Fortuner,2021,CHS-BQR9LC5BDFUT,MTR-E0XFZIPH6H,Quito,Particular
VEH-00152,PLC-PHUVYP1N,Nissan,Frontier,2024,CHS-JGLNR20QD58X,MTR-HU814PRJX4,Manta,Particular
VEH-00153,PLC-DPQ9YTXH,Chevrolet,Onix,2014,CHS-8P2YAZQTFPTN,MTR-K2U0CRF540,Manta,Taxi/Ride-hailing
VEH-00154,PLC-Q6EW09U3,Great Wall,Wingle,2024,CHS-BDL2IAZMTUFH,MTR-KP7I0U24IQ,Quito,Particular
VEH-00155,PLC-0XLZYOBB,Mazda,CX-5,2018,CHS-9OF3MQKDZ1QJ,MTR-FXKHA7135H,Guayaquil,Particular
VEH-00156,PLC-YI1NNSM0,Nissan,Frontier,2023,CHS-L0JBSQP2PX3F,MTR-A4IUZNY1QE,Quito,Particular
VEH-00157,PLC-WCAQ6YTZ,Mazda,BT-50,2021,CHS-XI9CLQK65V3I,MTR-FU71JQHUCI,Quito,Particular
VEH-00158,PLC-1SQQ7U1K,Nissan,X-Trail,2020,CHS-U5J92DMJDOLC,MTR-4QK31H5C2W,Loja,Carga liviana
VEH-00159,PLC-JHWFNSLK,Suzuki,Swift,2016,CHS-6RNA7L0EP5GV,MTR-BSHZXGUJBF,Guayaquil,Particular
VEH-00160,PLC-RAVC2UIN,Suzuki,Swift,2022,CHS-DSUDE9YFZQLP,MTR-ZFBNKYZSJH,Cuenca,Particular
VEH-00161,PLC-WGX6M52Y,Nissan,X-Trail,2022,CHS-4R1F1XL11FC6,MTR-V3OJ577FS3,Ambato,Particular
VEH-00162,PLC-ITP71SD9,Suzuki,Swift,2017,CHS-EC6G610G3QWQ,MTR-F6BH3LLZCF,Santo Domingo,Particular
VEH-00163,PLC-2QVLNLFQ,Mazda,Mazda 3,2023,CHS-G18BAZHAK43Z,MTR-5TXZTFIIAM,Cuenca,Particular
VEH-00164,PLC-JP18MFT3,Toyota,Hilux,2018,CHS-J41BHKJ254B2,MTR-PMSZDVAG10,Quito,Comercial
VEH-00165,PLC-565OD7B1,Nissan,Versa,2021,CHS-U9ER04H5W21B,MTR-KSM4W2O6OV,Cuenca,Taxi/Ride-hailing
VEH-00166,PLC-Y0X4KNSF,Suzuki,Vitara,2024,CHS-4ILMK5G05TPN,MTR-9DBWQWKL6C,Manta,Comercial
VEH-00167,PLC-O5QVWC9R,Kia,Sportage,2016,CHS-J6GD23HGG9C6,MTR-GKHNXKS265,Quito,Particular
VEH-00168,PLC-HM20AP4V,Mazda,CX-5,2024,CHS-S6KFRX0XPJ70,MTR-OI10037XB2,Quito,Particular
VEH-00169,PLC-ZK1DZCJD,Kia,Rio,2019,CHS-7S0Z9TUWAR7J,MTR-Z2N82WZMTF,Quito,Particular
VEH-00170,PLC-69T7VKBB,Hyundai,Santa Fe,2018,CHS-8QPT16HDXQ6W,MTR-HDH2TA3VP8,Quito,Comercial
VEH-00171,PLC-IY7PGU7M,Nissan,Frontier,2022,CHS-X3GJ10FFD1I4,MTR-N2EX7Z97ZQ,Quito,Particular
VEH-00172,PLC-0KJ6I53I,Suzuki,Swift,2023,CHS-67HN34CK9XH0,MTR-HHXSC7JHXT,Guayaquil,Carga liviana
VEH-00173,PLC-J0DTSNL5,Suzuki,Vitara,2023,CHS-AH9WEC04T2VY,MTR-4II6322JUF,Quito,Comercial
VEH-00174,PLC-ZV8C2RFK,Great Wall,Haval H6,2018,CHS-BT9H9FM8D7M4,MTR-6BH8LBRNP2,Cuenca,Particular
VEH-00175,PLC-5BV1L0B7,Mazda,CX-5,2022,CHS-UYQFHG8KSJLQ,MTR-FJT0KDULBD,Guayaquil,Particular
VEH-00176,PLC-QYHDMPP5,Hyundai,Creta,2024,CHS-66YHRDU390E4,MTR-B0OBR9GP9I,Quito,Particular
VEH-00177,PLC-JX8KP819,Kia,Sportage,2023,CHS-2CA3SKAD4RQY,MTR-WN6SCK8ETF,Guayaquil,Particular
VEH-00178,PLC-N6UVQ2RP,Hyundai,Santa Fe,2024,CHS-UVN3VBIA4AAL,MTR-095Z8FE8B2,Quito,Particular
VEH-00179,PLC-AH3XM2AO,Great Wall,Haval H6,2020,CHS-BRWMFTOO5XCR,MTR-5NAMZHR65K,Quito,Particular
VEH-00180,PLC-EIQO7RMB,Hyundai,Tucson,2022,CHS-8Q93A1DU10RH,MTR-735X7CODR0,Cuenca,Particular
VEH-00181,PLC-BO1EPMKV,Great Wall,Wingle,2019,CHS-TEGB41BVQPG4,MTR-PVDV7PE2G2,Quito,Particular
VEH-00182,PLC-EID2DT1E,Chevrolet,Sail,2020,CHS-GD9DSYZG0OA3,MTR-Y31GVB37VM,Quito,Particular
VEH-00183,PLC-I6QW042L,Kia,Sportage,2025,CHS-PICDIT16WT8J,MTR-J4TVSXA7JD,Quito,Particular
VEH-00184,PLC-MMEVM43V,Chevrolet,Captiva,2019,CHS-VT0VKG3C5OAO,MTR-O3NP4VYNZL,Manta,Comercial
VEH-00185,PLC-9HJS2MXC,Chevrolet,Sail,2020,CHS-BMMSLOQLV9PL,MTR-MBLQGBIYHV,Quito,Carga liviana
VEH-00186,PLC-K71EHJIM,Toyota,Fortuner,2024,CHS-M8YXU1PCM8SJ,MTR-UPDRI65NF4,Quito,Comercial
VEH-00187,PLC-6X573LUX,Hyundai,Creta,2023,CHS-7454RZCNOM2P,MTR-ZNT1YKXQ9F,Guayaquil,Particular
VEH-00188,PLC-C36V1231,Suzuki,Swift,2018,CHS-0X5URYBL2OQE,MTR-WFS668FROG,Quito,Particular
VEH-00189,PLC-VQTRMI8Q,Toyota,Fortuner,2018,CHS-ATSWZZA46JZO,MTR-ON4O7933VF,Guayaquil,Particular
VEH-00190,PLC-9BXIITA5,Great Wall,Wingle,2020,CHS-WVO01Z8TUBCI,MTR-JVZYNZE8YM,Quito,Particular
VEH-00191,PLC-G9LC5BLM,Suzuki,Swift,2016,CHS-EYSNOS7E3DX7,MTR-AKU0ZKHI80,Quito,Particular
VEH-00192,PLC-T14KTM63,Toyota,Corolla,2024,CHS-RMAJ2EZP7V53,MTR-3CFS3WTZL0,Quito,Particular
VEH-00193,PLC-LGZCPKR8,Great Wall,Haval H6,2020,CHS-SEN509HXEG6U,MTR-02KQN6C3BE,Santo Domingo,Particular
VEH-00194,PLC-ZMZCAQHI,Suzuki,Swift,2019,CHS-U353EF9P2I4R,MTR-KKBGLSH8ZK,Cuenca,Particular
VEH-00195,PLC-LNC8N2D7,Nissan,Versa,2020,CHS-GYT2DADYMPXP,MTR-MFB0BAVMEO,Ambato,Carga liviana
VEH-00196,PLC-6GUU9MN8,Hyundai,Accent,2014,CHS-Z1HONGWULAZU,MTR-AYN3OERXCE,Quito,Taxi/Ride-hailing
VEH-00197,PLC-KQGUYIVL,Suzuki,Vitara,2023,CHS-U4EVB2Y6O6AO,MTR-BHTP1PFDIX,Guayaquil,Particular
VEH-00198,PLC-P2VIRUC7,Great Wall,Wingle,2022,CHS-0SBOVVPN8DPO,MTR-Y7UL2AE5EM,Quito,Particular
VEH-00199,PLC-9NP6F13T,Toyota,Corolla,2016,CHS-KMP1LPTS2MR4,MTR-FXZYK42161,Loja,Comercial
VEH-00200,PLC-1FT8J9LQ,Suzuki,Vitara,2023,CHS-Y3T3SY94EVI4,MTR-MJMAA6X5Z0,Manta,Carga liviana
VEH-00201,PLC-E0CHYKM1,Mazda,CX-5,2021,CHS-QW65XDY1PP4C,MTR-XBJQ3JQPKA,Loja,Particular
VEH-00202,PLC-F7M1K1QT,Great Wall,Haval H6,2023,CHS-68YT0FGWJRNZ,MTR-TAK5AGE070,Quito,Particular
VEH-00203,PLC-IM5L6H2N,Hyundai,Accent,2020,CHS-LMDLMQ02GKFS,MTR-FYHREVBP45,Cuenca,Particular
VEH-00204,PLC-ACGN7AY7,Chevrolet,D-Max,2023,CHS-R54V1VXVUPXZ,MTR-YDWVGA3ZIB,Quito,Particular
VEH-00205,PLC-PX2460MA,Nissan,X-Trail,2023,CHS-UBXCU2O5ZFW1,MTR-4GYSMJ76CI,Manta,Particular
VEH-00206,PLC-H48PPNKF,Suzuki,Vitara,2024,CHS-G1BKUYROQ4HI,MTR-85FVOEVYY9,Quito,Carga liviana
VEH-00207,PLC-SFHFVMHX,Toyota,Corolla,2018,CHS-IUYATD8MY1UX,MTR-I7OGZA83UJ,Guayaquil,Comercial
VEH-00208,PLC-JSJCUT6H,Toyota,Rav4,2023,CHS-R4N5SYDVJNOD,MTR-L5ZTKB9ZV1,Quito,Particular
VEH-00209,PLC-SSM9ZGIU,Great Wall,Haval H6,2015,CHS-DT3KI24SJNNM,MTR-AXGJY1KDGW,Loja,Carga liviana
VEH-00210,PLC-V1JZPCHP,Chevrolet,Sail,2025,CHS-Z5TLYF3YR2XA,MTR-HHFH56OB4R,Quito,Particular
VEH-00211,PLC-1TIGUE8L,Hyundai,Creta,2021,CHS-ZBZ9875E78HN,MTR-HLLA92UHCI,Quito,Particular
VEH-00212,PLC-CFH6TX8K,Kia,Picanto,2024,CHS-1APTC7S82I5U,MTR-7W86NGCPCM,Cuenca,Particular
VEH-00213,PLC-NWRI1E9Q,Toyota,Corolla,2022,CHS-QYKZ3FQ1J8NE,MTR-RMX6K0JU1Y,Manta,Particular
VEH-00214,PLC-H90EVFXV,Kia,Picanto,2016,CHS-RJORAGYOYGHL,MTR-7T5G7WS9RG,Guayaquil,Taxi/Ride-hailing
VEH-00215,PLC-89Z4IQA6,Great Wall,Wingle,2019,CHS-JIJYRDXP03L2,MTR-W36SR17OTF,Quito,Carga liviana
VEH-00216,PLC-EPFKDFS9,Mazda,BT-50,2022,CHS-5A16I4568HZA,MTR-MA18WP7C2K,Guayaquil,Particular
VEH-00217,PLC-I6WD15YK,Toyota,Corolla,2015,CHS-XHVP8HST4SQN,MTR-AZNT6C35DW,Santo Domingo,Particular
VEH-00218,PLC-WLZWAG15,Nissan,Frontier,2016,CHS-MF76J0H5AJQO,MTR-4ZXTX1L8RG,Guayaquil,Carga liviana
VEH-00219,PLC-1AWMHMSC,Suzuki,Vitara,2017,CHS-IZ0VCKM4RH05,MTR-95IUZ6YIHG,Cuenca,Comercial
VEH-00220,PLC-PDV1A14S,Mazda,Mazda 3,2013,CHS-S5F1PJ6LPRHQ,MTR-P1M4G6LMJO,Quito,Particular
VEH-00221,PLC-1BMFDY07,Nissan,Versa,2025,CHS-TOOV14D61DTH,MTR-RXRW0PUDLC,Guayaquil,Particular
VEH-00222,PLC-RG1LQ5XV,Mazda,BT-50,2019,CHS-THGA9IVXX7XP,MTR-RNYFGIHCMM,Cuenca,Particular
VEH-00223,PLC-4M8JCIM0,Kia,Picanto,2019,CHS-9Q9WX2H1E407,MTR-6BKRISCDMZ,Machala,Particular
VEH-00224,PLC-6Y9YZRNL,Kia,Sportage,2020,CHS-AKNA6367QTOS,MTR-R9HKOC8PSC,Guayaquil,Particular
VEH-00225,PLC-DPN8HAWX,Nissan,Versa,2019,CHS-UF9QI0SUDAWO,MTR-RLQB8GYQ9N,Machala,Comercial
VEH-00226,PLC-ZJ2O1XJ4,Nissan,Versa,2022,CHS-F5L3LLM5LSBT,MTR-KLZMEJE1P3,Quito,Taxi/Ride-hailing
VEH-00227,PLC-AGYYBHAC,Kia,Sportage,2023,CHS-IPFRJAAG8VFM,MTR-I42KTV4JPD,Loja,Particular
VEH-00228,PLC-G8SG60JA,Kia,Rio,2024,CHS-OBO1YJWSOYH5,MTR-KHOGSWEVHX,Quito,Taxi/Ride-hailing
VEH-00229,PLC-17VL1JTS,Chevrolet,Onix,2017,CHS-WGR5XQEAJJUJ,MTR-Y24EH1RJFU,Santo Domingo,Carga liviana
VEH-00230,PLC-140VIPY0,Great Wall,Haval H6,2019,CHS-9588588OYF07,MTR-OFPXANBX94,Quito,Carga liviana
VEH-00231,PLC-IS3J90PN,Chevrolet,D-Max,2020,CHS-ODIHJYB1XDGE,MTR-4KBJXJFPEA,Machala,Particular
VEH-00232,PLC-I7T40V2A,Hyundai,Accent,2021,CHS-SHJDCL6KAZ13,MTR-9Q6TO1KRF7,Manta,Particular
VEH-00233,PLC-OZL9E34U,Toyota,Rav4,2022,CHS-ZYKDX1MRGGEX,MTR-VBPSK8GENA,Machala,Comercial
VEH-00234,PLC-FC4CDUFT,Toyota,Hilux,2018,CHS-AWSZ6MUZWIGV,MTR-06G6JBY4CS,Quito,Particular
VEH-00235,PLC-ONJK677V,Kia,Rio,2025,CHS-2IVSX1CYPNEJ,MTR-5GAJT9F5G3,Cuenca,Particular
VEH-00236,PLC-XWFEL3Q4,Hyundai,Tucson,2019,CHS-Q2IH5CXSZ0I2,MTR-X6UXF062QC,Machala,Particular
VEH-00237,PLC-GSYKZEOY,Toyota,Hilux,2017,CHS-3FW3383GFLGZ,MTR-1MZVEUV5N4,Cuenca,Particular
VEH-00238,PLC-NUCYDX14,Hyundai,Creta,2017,CHS-NDNB1RQLFJER,MTR-ZFT207NQLD,Guayaquil,Particular
VEH-00239,PLC-W0448K1W,Mazda,CX-5,2017,CHS-YA9MEJUUAJ3J,MTR-5UH0Q7A2I2,Santo Domingo,Particular
VEH-00240,PLC-M08KYNWN,Chevrolet,Aveo,2023,CHS-MAXXBTT6H530,MTR-0WW817VHL3,Guayaquil,Particular
VEH-00241,PLC-1SGFGFB0,Hyundai,Creta,2020,CHS-G58G26CS0NO3,MTR-9YHM4HW30Z,Quito,Particular
VEH-00242,PLC-QT0PA0CA,Toyota,Fortuner,2019,CHS-BJX7UVK1P9ZM,MTR-ZD1IYLZU7K,Guayaquil,Particular
VEH-00243,PLC-ZQ9KUNFF,Hyundai,Tucson,2022,CHS-B1AJB8FYBI3W,MTR-LPOTM8PYQD,Quito,Particular
VEH-00244,PLC-H3HGJSQL,Chevrolet,Onix,2024,CHS-FE5XNZG5B0E5,MTR-EN0YU2KLTA,Machala,Taxi/Ride-hailing
VEH-00245,PLC-W48AK7QH,Chevrolet,Sail,2025,CHS-MB8B76JNXHNB,MTR-UIOFIRR4MF,Cuenca,Particular
VEH-00246,PLC-516ZMQLM,Nissan,Frontier,2023,CHS-RZGTKN5121RU,MTR-GY1MWXE2KC,Guayaquil,Carga liviana
VEH-00247,PLC-7WZBHLU1,Great Wall,Haval H6,2022,CHS-LWPENXXJUHAU,MTR-AVN3UO9EYS,Quito,Particular
VEH-00248,PLC-E01UUMMD,Kia,Picanto,2023,CHS-55CR0HH2KUYP,MTR-BSBA3SIZC8,Guayaquil,Taxi/Ride-hailing
VEH-00249,PLC-0TRUWZF9,Chevrolet,Sail,2021,CHS-U5DZT35HXGBO,MTR-DAIGU1OKFM,Quito,Particular
VEH-00250,PLC-CHDTEQVY,Chevrolet,Sail,2018,CHS-RKI3HIUJ02H7,MTR-7P45RU4OFQ,Manta,Comercial
VEH-00251,PLC-PNEE5DNA,Mazda,Mazda 3,2024,CHS-N3YM5GVN76UT,MTR-3J6GIOXY26,Cuenca,Particular
VEH-00252,PLC-TGJ3GHPB,Kia,Picanto,2020,CHS-3LRB472WQH9F,MTR-W1NJZ616VD,Guayaquil,Particular
VEH-00253,PLC-1MSMZLR7,Chevrolet,Captiva,2023,CHS-571GDPHOHDCR,MTR-PE8GROZZZG,Guayaquil,Particular
VEH-00254,PLC-NWSSAGL6,Nissan,Frontier,2018,CHS-4TPKUEKLV3JA,MTR-41VBLQEKAW,Manta,Carga liviana
VEH-00255,PLC-CBSO76KJ,Suzuki,Vitara,2021,CHS-GGTV25W8Q5QX,MTR-3AWTV74HR7,Guayaquil,Particular
VEH-00256,PLC-JW5BP1XN,Great Wall,Wingle,2022,CHS-FMYGR827LQWV,MTR-Z0RTMC7VH1,Quito,Comercial
VEH-00257,PLC-A5J3J7S9,Mazda,CX-5,2016,CHS-KT5SESA3CNSH,MTR-D5TA1WADQI,Guayaquil,Particular
VEH-00258,PLC-JM1FSOC4,Hyundai,Tucson,2023,CHS-WPY1ZGQTTL1U,MTR-IMQI09MTTF,Quito,Particular
VEH-00259,PLC-1GI72U6W,Suzuki,Vitara,2020,CHS-3W13003B9B0F,MTR-ITP6XI8SDZ,Machala,Particular
VEH-00260,PLC-FDRGVGS4,Suzuki,Swift,2024,CHS-VDH6DN7J95IO,MTR-JTTA5MHEAJ,Cuenca,Particular
VEH-00261,PLC-4B62ZDHT,Kia,Sportage,2018,CHS-Z4LP8Q2H1JBL,MTR-JPK68M44SS,Quito,Particular
VEH-00262,PLC-ZYG301JB,Suzuki,Swift,2022,CHS-S3HYATC2CWI3,MTR-3RAKW66NW7,Machala,Particular
VEH-00263,PLC-V3IRTZE4,Hyundai,Santa Fe,2022,CHS-Y4L67QIUWZEC,MTR-BKOGG54UOP,Quito,Particular
VEH-00264,PLC-DQHCE2XB,Great Wall,Haval H6,2025,CHS-LUG2YI9MMQ52,MTR-SOMK17MFBG,Santo Domingo,Particular
VEH-00265,PLC-8EVL75MN,Chevrolet,D-Max,2023,CHS-46WW9IE21YEF,MTR-I7TGH5OD8V,Manta,Particular
VEH-00266,PLC-WEKSE8P7,Nissan,Frontier,2020,CHS-6TZD8H4QBCV0,MTR-QMVDIN9VDP,Manta,Particular
VEH-00267,PLC-0F94IRCG,Chevrolet,D-Max,2025,CHS-C56OW14TOBDB,MTR-M8YB94DYYI,Ambato,Particular
VEH-00268,PLC-XWMV1DPO,Hyundai,Tucson,2020,CHS-FAO08CAPDEDI,MTR-2LSCUWPSIZ,Guayaquil,Particular
VEH-00269,PLC-8N5WO2TX,Kia,Rio,2018,CHS-9SP7RU86GDW0,MTR-5RFNI7OT9N,Quito,Particular
VEH-00270,PLC-23HB5CRR,Hyundai,Tucson,2025,CHS-YTFDRY5BYY2C,MTR-ONYL18DTC8,Cuenca,Comercial
VEH-00271,PLC-NBV11DG9,Mazda,CX-5,2024,CHS-YS8317QKY3PI,MTR-ARRFP8SVZC,Machala,Particular
VEH-00272,PLC-AHTUQL23,Nissan,X-Trail,2024,CHS-B2A3CW49N0DF,MTR-R9UE2LQRQ5,Guayaquil,Particular
VEH-00273,PLC-CL62UC9O,Hyundai,Tucson,2018,CHS-DQQBW8CPWGE6,MTR-2H6EPNUX0E,Guayaquil,Particular
VEH-00274,PLC-XV0X4SBK,Hyundai,Tucson,2019,CHS-XCSJBGNU66WN,MTR-YCJYFEO690,Santo Domingo,Particular
VEH-00275,PLC-772URMSP,Chevrolet,Onix,2021,CHS-VPXO3UHP20XF,MTR-W96EX4O20O,Quito,Particular
VEH-00276,PLC-0IQSVUHF,Hyundai,Accent,2023,CHS-006J5ML3AKH0,MTR-Q94GIC1BKE,Manta,Particular
VEH-00277,PLC-Z9PSHVVG,Great Wall,Haval H6,2020,CHS-CEW2021S4IL6,MTR-FJAX3YU2L6,Manta,Particular
VEH-00278,PLC-VD7761SU,Kia,Sportage,2019,CHS-YULJCN17RUGW,MTR-SKHSR52OKS,Quito,Carga liviana
VEH-00279,PLC-JGN96KBC,Kia,Sportage,2022,CHS-88MA5BXNS127,MTR-I3SHH215QF,Quito,Taxi/Ride-hailing
VEH-00280,PLC-OEUK6VR3,Kia,Picanto,2024,CHS-6EUC1G7UM9CA,MTR-PIYOMQ4J5L,Loja,Particular
VEH-00281,PLC-NA1E59NL,Toyota,Hilux,2025,CHS-C0QYPW47LTOS,MTR-55ZW84SGOH,Quito,Carga liviana
VEH-00282,PLC-UP1HL3UH,Nissan,Frontier,2025,CHS-WZI450PBSR6N,MTR-0D9UQU0Z21,Santo Domingo,Particular
VEH-00283,PLC-VCT20OK8,Nissan,Frontier,2023,CHS-NHVI8BBYFVW9,MTR-ED7NX8MK8Z,Santo Domingo,Comercial
VEH-00284,PLC-N9PACB7G,Hyundai,Santa Fe,2019,CHS-6Z5CKSTBOPCR,MTR-HYZIRFEE60,Quito,Particular
VEH-00285,PLC-ZMTU16BT,Hyundai,Tucson,2023,CHS-R3MGQ4YS1FO0,MTR-9R4S86PYB5,Ambato,Particular
VEH-00286,PLC-BZO2X4GT,Kia,Seltos,2018,CHS-VJFG9KN5PFJZ,MTR-47OD5Q0TVJ,Machala,Particular
VEH-00287,PLC-N9585UPU,Great Wall,Wingle,2019,CHS-3469FG1EYIAK,MTR-7HKM2HC15K,Cuenca,Particular
VEH-00288,PLC-SH1SR7UX,Hyundai,Creta,2020,CHS-KJS7NX7Q43NV,MTR-IK74AU0LJ4,Guayaquil,Particular
VEH-00289,PLC-G83VGD3K,Nissan,X-Trail,2017,CHS-EW9OWAMRS1TX,MTR-ZQ98MEJGNR,Loja,Particular
VEH-00290,PLC-R4NKAONF,Hyundai,Creta,2019,CHS-JJK4AUEDI621,MTR-4UT6HP9ZYY,Guayaquil,Particular
VEH-00291,PLC-NKRJ1925,Mazda,Mazda 3,2015,CHS-QH91WLBX3W1N,MTR-9MYXLAM2X7,Quito,Particular
VEH-00292,PLC-Q6ARCR4Z,Mazda,BT-50,2025,CHS-CQRDB435L48G,MTR-CXBJLIF0HD,Guayaquil,Particular
VEH-00293,PLC-RMBVUKX7,Mazda,BT-50,2024,CHS-AZ0DEM6JRFL2,MTR-CRM60LATR9,Cuenca,Particular
VEH-00294,PLC-FLFLUBKA,Kia,Seltos,2016,CHS-NX3FPTMITDYS,MTR-LRIU0OMRML,Quito,Carga liviana
VEH-00295,PLC-WXW72KCY,Suzuki,Swift,2016,CHS-J8N1WSNV69RF,MTR-6NQN3QCH7L,Quito,Particular
VEH-00296,PLC-CUGWAK04,Mazda,CX-5,2022,CHS-VVGLWTK38LB2,MTR-31Z4PQXV4Z,Guayaquil,Particular
VEH-00297,PLC-RZBK6KT7,Toyota,Hilux,2020,CHS-MIIVDFTJW3ZK,MTR-3AJMLTTFLP,Loja,Comercial
VEH-00298,PLC-XA4KWG49,Toyota,Corolla,2023,CHS-ZN4Y3PGYIUIZ,MTR-US1Z8EW5BO,Guayaquil,Taxi/Ride-hailing
VEH-00299,PLC-6AZEOI5M,Toyota,Fortuner,2020,CHS-CNT1FVYL1JST,MTR-Y4CQ0LKZ7G,Quito,Particular
VEH-00300,PLC-AKUI6Y3A,Kia,Seltos,2024,CHS-5Z1DT1QH26X4,MTR-V8XHL18YFJ,Quito,Particular
VEH-00301,PLC-31D3SCH5,Nissan,Versa,2021,CHS-3XDXQ1VSB8RL,MTR-SW0B2UTCHW,Machala,Particular
VEH-00302,PLC-8GIJ51RW,Great Wall,Wingle,2017,CHS-3P73CEUXCJGY,MTR-6FVT1ZBLQF,Guayaquil,Comercial
VEH-00303,PLC-T68PDX4N,Kia,Sportage,2022,CHS-1RLR6CZLSRA0,MTR-NB0IRR3UGO,Guayaquil,Particular
VEH-00304,PLC-30V8Y49A,Toyota,Hilux,2022,CHS-VVUW2J35N8KY,MTR-QZCF59WFN7,Cuenca,Particular
VEH-00305,PLC-BJKW10BS,Mazda,CX-5,2022,CHS-95PY8IYHGZNN,MTR-HSLKZ90WN0,Quito,Taxi/Ride-hailing
VEH-00306,PLC-U688ZOZ5,Mazda,Mazda 3,2016,CHS-3S2KLZSA8V3L,MTR-GY000MBOI6,Quito,Carga liviana
VEH-00307,PLC-PK4FXBY9,Great Wall,Wingle,2019,CHS-6MK3XPL4MUIS,MTR-EBN33P2PL3,Guayaquil,Particular
VEH-00308,PLC-EAC074YE,Mazda,BT-50,2018,CHS-0Q8H8B24DSZC,MTR-XZ621HGJQH,Quito,Particular
VEH-00309,PLC-4NQGVE35,Mazda,BT-50,2025,CHS-PQVS2V2QRCIJ,MTR-7SBOXXSTKT,Guayaquil,Particular
VEH-00310,PLC-IJSYQOBN,Nissan,Versa,2023,CHS-TJAQX67Z4KWJ,MTR-6U7XY5K74L,Guayaquil,Particular
VEH-00311,PLC-NOJRHMW5,Kia,Picanto,2018,CHS-3A7OMXCZGV6E,MTR-R988FD27PP,Guayaquil,Particular
VEH-00312,PLC-3LCR9RFM,Toyota,Corolla,2023,CHS-EI7TDNOP43G8,MTR-DUEM4H2F4M,Cuenca,Particular
VEH-00313,PLC-1H2M3AQ0,Suzuki,Swift,2022,CHS-R5LV646STQ8P,MTR-VR96T2HL5A,Guayaquil,Particular
VEH-00314,PLC-E1TG2V8L,Suzuki,Swift,2017,CHS-MGONT6TU74GT,MTR-NJUKMZKKKU,Loja,Carga liviana
VEH-00315,PLC-Q4TXJTVW,Great Wall,Haval H6,2018,CHS-U2T1Z0AZD0WI,MTR-3RBMNQSXBU,Loja,Particular
VEH-00316,PLC-2RGEPKU4,Toyota,Corolla,2022,CHS-4CY5PRYDGDVR,MTR-8X2SH4IEU0,Guayaquil,Comercial
VEH-00317,PLC-F2PU8Q97,Nissan,X-Trail,2018,CHS-SBIEUX2NLU3O,MTR-3XVMQQBIH0,Santo Domingo,Particular
VEH-00318,PLC-6XB1C6U8,Chevrolet,Onix,2015,CHS-5SVEEF9H8K6F,MTR-3ME1R32JVE,Ambato,Particular
VEH-00319,PLC-ZSAYBAOU,Suzuki,Swift,2024,CHS-1JQOU83MWJMJ,MTR-NTLGB8CI8W,Guayaquil,Carga liviana
VEH-00320,PLC-MTK1RONW,Mazda,BT-50,2022,CHS-BI2HYB2NYD22,MTR-ZMNYHFL67H,Quito,Particular
VEH-00321,PLC-U0MNF6X4,Suzuki,Swift,2023,CHS-Q6H3BAY0ZGWX,MTR-TE1TOFY4BR,Quito,Particular
VEH-00322,PLC-LAI7JI4C,Chevrolet,Aveo,2024,CHS-DNSX0K0LL7JL,MTR-XHKB5NTZXQ,Santo Domingo,Particular
VEH-00323,PLC-4CJ0C8Y7,Chevrolet,D-Max,2014,CHS-KKGAWOF0EH43,MTR-082IAT44QI,Quito,Particular
VEH-00324,PLC-MIO6IJOF,Kia,Seltos,2021,CHS-GZSGPOQLTV37,MTR-7RIU1XJCYD,Guayaquil,Comercial
VEH-00325,PLC-PKZUA44W,Chevrolet,Aveo,2022,CHS-MZ2N3Q82HR6V,MTR-VLQV593GV7,Loja,Particular
VEH-00326,PLC-IGO3HH9S,Great Wall,Wingle,2025,CHS-IWT219F6LZ6M,MTR-JOBMW7J77D,Ambato,Comercial
VEH-00327,PLC-GKOJ81MR,Toyota,Corolla,2020,CHS-DZSY7043UITA,MTR-EQ9TNED0IJ,Guayaquil,Particular
VEH-00328,PLC-0ZMPWEOR,Toyota,Rav4,2023,CHS-IZHJN2JRUAH7,MTR-T7G4O2TH83,Quito,Particular
VEH-00329,PLC-CYQH31K5,Mazda,CX-5,2025,CHS-SO7GFXP510DG,MTR-RRQ6V0QWFA,Santo Domingo,Particular
VEH-00330,PLC-1RG59Y7Y,Toyota,Rav4,2018,CHS-CGGGHPX0ZCW2,MTR-37CZ1BNLBV,Ambato,Particular
VEH-00331,PLC-QWWWPR2D,Chevrolet,Captiva,2024,CHS-U3QKN99UZWL5,MTR-FVW8OUTGFZ,Machala,Particular
VEH-00332,PLC-5WV2XKKU,Hyundai,Creta,2018,CHS-BHMT69S98LZE,MTR-MFFZQJV8WZ,Guayaquil,Particular
VEH-00333,PLC-FUO2CP9J,Nissan,X-Trail,2022,CHS-RB5OOPO2NJAS,MTR-PB42099M0L,Guayaquil,Comercial
VEH-00334,PLC-XQ1XXPU8,Great Wall,Haval H6,2023,CHS-WEIUP8IG648U,MTR-GOW9O3RD32,Guayaquil,Particular
VEH-00335,PLC-9DW4JEWE,Hyundai,Tucson,2022,CHS-RQB51IZN2T8T,MTR-VO60J8UADW,Guayaquil,Particular
VEH-00336,PLC-KMPLLB5H,Kia,Rio,2021,CHS-VFGZY0Y4IVLG,MTR-TWL1Q5FLQZ,Ambato,Particular
VEH-00337,PLC-G7QBD9DX,Kia,Picanto,2021,CHS-GKA7AAUYTBXE,MTR-LM5L8NWGJX,Quito,Particular
VEH-00338,PLC-2BC8HTSG,Hyundai,Accent,2024,CHS-WL7KG5MJV39Y,MTR-2H9EVPXJP5,Santo Domingo,Particular
VEH-00339,PLC-4G7FU787,Mazda,BT-50,2025,CHS-Z8MSUI2MS1Z1,MTR-YF5B5GU94Y,Guayaquil,Particular
VEH-00340,PLC-7CMFT8LU,Nissan,X-Trail,2023,CHS-D8BDTYMW8D16,MTR-7L6XCNG3LO,Loja,Particular
VEH-00341,PLC-ACYNHSAP,Toyota,Rav4,2018,CHS-VLYOXZCJJPQ1,MTR-TNR0A00YRM,Quito,Comercial
VEH-00342,PLC-2IOEHHK5,Chevrolet,Captiva,2014,CHS-EL8UKQZS8SSQ,MTR-GHZMF95MI7,Guayaquil,Carga liviana
VEH-00343,PLC-YLFEP1X2,Kia,Rio,2018,CHS-J2C6MNUCAJVQ,MTR-LW3MDZYJS6,Guayaquil,Particular
VEH-00344,PLC-2B2EP7S9,Toyota,Fortuner,2022,CHS-KJ9UDHE078BK,MTR-UXCJGOAYAD,Quito,Comercial
VEH-00345,PLC-C8EB4YSY,Kia,Sportage,2023,CHS-2P5QW34J38XO,MTR-JSLYQKXB1T,Ambato,Particular
VEH-00346,PLC-WNZ00322,Toyota,Rav4,2016,CHS-Y3XVUZI7NPNM,MTR-MX390XTNZJ,Guayaquil,Particular
VEH-00347,PLC-0DMNV9KY,Suzuki,Swift,2025,CHS-71L2BNYLRJZM,MTR-J0U3PI5U7C,Guayaquil,Particular
VEH-00348,PLC-DVFUWMJN,Kia,Rio,2013,CHS-TEXU24VLSTG9,MTR-KJK0H80K99,Ambato,Particular
VEH-00349,PLC-PHJ2GCIY,Nissan,X-Trail,2024,CHS-4Y4KBX2L2B5W,MTR-VFXELITZJH,Cuenca,Carga liviana
VEH-00350,PLC-FW5B0KXQ,Toyota,Fortuner,2019,CHS-M6R7B5UKDPTQ,MTR-21VCR3FV9C,Ambato,Particular
VEH-00351,PLC-YM4YYCRY,Chevrolet,Onix,2013,CHS-VX610VIWQ9M5,MTR-SRF2FU6HBI,Loja,Comercial
VEH-00352,PLC-JPFEAAVE,Kia,Sportage,2020,CHS-J3VGHDIMFLFF,MTR-A1ONDFYU7M,Quito,Particular
VEH-00353,PLC-D2L6AFLM,Suzuki,Vitara,2021,CHS-QJ8MHEMLUOKZ,MTR-S06SN1QWP7,Quito,Particular
VEH-00354,PLC-EDE5WD1F,Nissan,Frontier,2023,CHS-2AFUXEQU2W4X,MTR-5T5U8MOKCW,Santo Domingo,Particular
VEH-00355,PLC-32JJY0BI,Mazda,CX-5,2021,CHS-UYJZXA1LJLNG,MTR-BZ4JRVMB5Z,Santo Domingo,Particular
VEH-00356,PLC-511K5DWG,Nissan,Versa,2017,CHS-EU4SJP75N05A,MTR-TKVT1HI7SV,Manta,Particular
VEH-00357,PLC-4EB2X0PN,Hyundai,Santa Fe,2022,CHS-UOU4R9VVMIUO,MTR-PP54BU6GYJ,Ambato,Particular
VEH-00358,PLC-RE2YMRJX,Suzuki,Swift,2022,CHS-D4POAUW49JRU,MTR-5U8MMHSDM7,Quito,Comercial
VEH-00359,PLC-ATQNJSBB,Great Wall,Haval H6,2023,CHS-0FX3J2Y9K2UG,MTR-R3RM3SKIUB,Quito,Particular
VEH-00360,PLC-Y9B1UZLU,Suzuki,Swift,2017,CHS-CSUC6DI5EEIJ,MTR-G7KPFXWVF0,Manta,Particular
VEH-00361,PLC-ZJ9FN2KH,Great Wall,Wingle,2021,CHS-QOPD9BDO4CCO,MTR-OJI6UUYZB6,Quito,Comercial
VEH-00362,PLC-CNO5AWFX,Great Wall,Wingle,2014,CHS-6KZNJ8ASR9X6,MTR-YKMQVMUQZH,Guayaquil,Particular
VEH-00363,PLC-HCYGNMTN,Suzuki,Swift,2018,CHS-TX3DOQN6BTAN,MTR-LVN5YU3ZK5,Guayaquil,Particular
VEH-00364,PLC-ABDARAT2,Toyota,Hilux,2022,CHS-YKGDXNM1XER0,MTR-BTCHTJQ3NH,Guayaquil,Taxi/Ride-hailing
VEH-00365,PLC-HFP39RRB,Chevrolet,Captiva,2017,CHS-4EJNEZYBC513,MTR-0LACERS4MR,Ambato,Particular
VEH-00366,PLC-AC195ODS,Toyota,Corolla,2023,CHS-XFX348KXX98J,MTR-UW0LZX3WSJ,Quito,Comercial
VEH-00367,PLC-1FQIVW32,Suzuki,Swift,2020,CHS-8KCV6JV8KINZ,MTR-F0H68C7GAQ,Ambato,Carga liviana
VEH-00368,PLC-V5HUX9Z7,Hyundai,Accent,2023,CHS-ZOW0GO3JMA6G,MTR-5JETPZTN8G,Cuenca,Carga liviana
VEH-00369,PLC-NLEEQ2H1,Chevrolet,Sail,2019,CHS-WZATVYXNT14C,MTR-5C5UWBQ4Y8,Quito,Comercial
VEH-00370,PLC-BYC5F4Q8,Mazda,Mazda 3,2021,CHS-FFPG3YVP4CUT,MTR-92N0GAIB62,Guayaquil,Particular
VEH-00371,PLC-8DQH75L2,Nissan,X-Trail,2022,CHS-SKCSV1HJEM45,MTR-PAYLYCTLOV,Quito,Taxi/Ride-hailing
VEH-00372,PLC-HGKIIB25,Suzuki,Vitara,2023,CHS-X1B7X8G04CR1,MTR-91EEFQW4Z6,Guayaquil,Taxi/Ride-hailing
VEH-00373,PLC-FLM28X9Q,Hyundai,Tucson,2014,CHS-4EL0H9COMJTI,MTR-ZAXD6AH7R7,Santo Domingo,Particular
VEH-00374,PLC-4NM444NG,Hyundai,Santa Fe,2025,CHS-LY98EJI6JE46,MTR-EKP0XOQ0D1,Santo Domingo,Particular
VEH-00375,PLC-XZ2OI460,Great Wall,Wingle,2017,CHS-KP7S5E1B0E9F,MTR-JCXRZR3VT8,Quito,Particular
VEH-00376,PLC-9I4VF5V8,Suzuki,Swift,2020,CHS-7EQRRS6OUUPM,MTR-WTMV70RQ1M,Santo Domingo,Comercial
VEH-00377,PLC-X89UN37L,Hyundai,Santa Fe,2017,CHS-HSPNVL5XPZ4R,MTR-38VJQEQHY9,Santo Domingo,Carga liviana
VEH-00378,PLC-39R60MRD,Toyota,Fortuner,2025,CHS-15G41YUHILHX,MTR-DCERG98RIG,Quito,Taxi/Ride-hailing
VEH-00379,PLC-DAHVRS1P,Toyota,Hilux,2024,CHS-OOR9WPJB9UOK,MTR-YN8BKFR5HG,Cuenca,Particular
VEH-00380,PLC-LORGAPT1,Toyota,Rav4,2022,CHS-Y2NOGF022JYY,MTR-B8RN517VUB,Guayaquil,Particular
VEH-00381,PLC-EYKZNNUW,Suzuki,Vitara,2020,CHS-ZRPSOY4BPE2B,MTR-YWXYB5121F,Guayaquil,Particular
VEH-00382,PLC-Q4KKO77M,Nissan,Frontier,2025,CHS-CYXDOFKF9DQF,MTR-7Q2JSJ1RLO,Quito,Particular
VEH-00383,PLC-DLS941KP,Kia,Sportage,2024,CHS-BMEEGRL8H39X,MTR-LJ8LPAUKR6,Quito,Comercial
VEH-00384,PLC-D4JIPXR3,Chevrolet,Captiva,2017,CHS-P3LHPKCEYIAS,MTR-375Z98Z737,Guayaquil,Particular
VEH-00385,PLC-0K65ICNE,Great Wall,Haval H6,2021,CHS-XTH0YYTXBU5M,MTR-BN1J2ITZPJ,Guayaquil,Particular
VEH-00386,PLC-33XN3I0D,Suzuki,Swift,2021,CHS-PJGSXDW3Y1ES,MTR-W694C4EWVM,Quito,Particular
VEH-00387,PLC-9RDB6N7X,Chevrolet,Sail,2017,CHS-B2ZV3WUSXD7H,MTR-2516C96EJY,Guayaquil,Particular
VEH-00388,PLC-MFYRZOCC,Nissan,Versa,2017,CHS-TAIM0M0J19QN,MTR-AEKCQ4EO3K,Cuenca,Taxi/Ride-hailing
VEH-00389,PLC-VX4Q99VU,Kia,Seltos,2024,CHS-7J7RPOB14RV6,MTR-T5ZDTQGJ9O,Guayaquil,Comercial
VEH-00390,PLC-G86X0Z0V,Toyota,Rav4,2025,CHS-TFPK4EUD1Z1J,MTR-04BVXHTP55,Quito,Taxi/Ride-hailing
VEH-00391,PLC-PSPKVKUY,Toyota,Rav4,2020,CHS-FGFFAJ815FJD,MTR-A4LCISXWFC,Guayaquil,Particular
VEH-00392,PLC-FCAMKZ5G,Kia,Rio,2025,CHS-RS7ESIE3QK6G,MTR-5OSCZVK42W,Quito,Carga liviana
VEH-00393,PLC-PTUNP3JJ,Great Wall,Haval H6,2024,CHS-CFDHJG2IJESV,MTR-UP410H9TN4,Quito,Particular
VEH-00394,PLC-DCQYL53Z,Great Wall,Wingle,2019,CHS-U2IU1ULAKQ0F,MTR-5VJCIP65RM,Guayaquil,Particular
VEH-00395,PLC-XVAG46MN,Chevrolet,D-Max,2023,CHS-JV6R7Z7M1C39,MTR-S83CSVB0E4,Guayaquil,Comercial
VEH-00396,PLC-O2QTCOQZ,Suzuki,Vitara,2025,CHS-QA7OCO2PZA1D,MTR-ER880B6TD5,Guayaquil,Carga liviana
VEH-00397,PLC-Y9VL8MA1,Nissan,Versa,2024,CHS-FVP4BGIQKSQ0,MTR-K1NKXGST89,Quito,Particular
VEH-00398,PLC-APERLH2V,Hyundai,Tucson,2024,CHS-H6836H4RFWFW,MTR-LYM8QBFEKJ,Quito,Particular
VEH-00399,PLC-WBVY1G6Z,Toyota,Rav4,2025,CHS-NKM4EO593YUX,MTR-MCC2MAWBXV,Guayaquil,Particular
VEH-00400,PLC-G79HI459,Mazda,CX-5,2016,CHS-9VHCUPT81SCG,MTR-DTIQYJRV0E,Manta,Carga liviana
VEH-00401,PLC-0BBSULFI,Suzuki,Swift,2023,CHS-7GXHGQVUHLNF,MTR-ODRT98F98T,Guayaquil,Taxi/Ride-hailing
VEH-00402,PLC-CT0FVRDI,Kia,Seltos,2023,CHS-EGAG4C4XZ8GQ,MTR-K9PFVKLGB4,Cuenca,Particular
VEH-00403,PLC-A7RM59PD,Hyundai,Accent,2025,CHS-1NYM7SWIZ0SR,MTR-PH0Q5AHZMQ,Cuenca,Particular
VEH-00404,PLC-COPCEZIN,Kia,Sportage,2016,CHS-RHANHA0GVN2J,MTR-JHXU0Y7R2M,Guayaquil,Comercial
VEH-00405,PLC-P55R1DQA,Great Wall,Haval H6,2017,CHS-13KDD37SN0HS,MTR-JSRL1A47E3,Quito,Particular
VEH-00406,PLC-R4YRK4O2,Suzuki,Vitara,2023,CHS-IBP5YO96JHRX,MTR-7QGR7TZBEG,Cuenca,Particular
VEH-00407,PLC-7AJBU90V,Toyota,Corolla,2022,CHS-A4MLGT1QRMZW,MTR-GY4MPUCVW4,Quito,Comercial
VEH-00408,PLC-9BEGIO0C,Suzuki,Vitara,2020,CHS-N308EG92IONN,MTR-XGCQA0HR2N,Guayaquil,Particular
VEH-00409,PLC-8PC4R8KA,Kia,Rio,2024,CHS-5N0VGF6ORA1W,MTR-W29KBGBRML,Machala,Comercial
VEH-00410,PLC-NMIS3D2O,Chevrolet,Aveo,2018,CHS-ICHNXT1JEK4Y,MTR-AKXC8L0GFK,Quito,Particular
VEH-00411,PLC-KR797V2K,Kia,Seltos,2018,CHS-8N21L2RUQNBM,MTR-ZSY83FHIDO,Quito,Particular
VEH-00412,PLC-ID7L8OIP,Kia,Seltos,2020,CHS-D68EP89FV78F,MTR-QQV9ILC15N,Guayaquil,Particular
VEH-00413,PLC-E18FU3KR,Kia,Sportage,2022,CHS-VBCABBBFUKFF,MTR-M4G28XDBJW,Ambato,Particular
VEH-00414,PLC-F8J84S57,Nissan,Frontier,2018,CHS-EJLS6CUY4C61,MTR-3BCDAQPYWV,Cuenca,Particular
VEH-00415,PLC-YHP0JR6O,Nissan,X-Trail,2017,CHS-UXDXTKYC9C4D,MTR-0NP093WB7L,Cuenca,Particular
VEH-00416,PLC-Q7H97AQQ,Chevrolet,Sail,2024,CHS-L945P7MYM7EZ,MTR-RPJEJZSK7T,Quito,Particular
VEH-00417,PLC-IX71NGTQ,Toyota,Rav4,2023,CHS-F3CYSYKWXSCL,MTR-ZOXV8LSMBF,Quito,Particular
VEH-00418,PLC-76BOGXP9,Nissan,Frontier,2021,CHS-67LRVI3DVCSD,MTR-SPNNNWM7QU,Quito,Taxi/Ride-hailing
VEH-00419,PLC-FG373H8D,Toyota,Corolla,2024,CHS-MPFM5NIZUOC0,MTR-CEF65UYG36,Quito,Comercial
VEH-00420,PLC-NBBGV0H9,Chevrolet,Sail,2025,CHS-I7APYV45QSH0,MTR-ANZXWIDETE,Ambato,Comercial
